MM:DD:YYYY hh:mm:ss,Library_Version,Session_type,Device_Number,Battery_Voltage,Motor_Turns,FR,Event,Active_Poke,Left_Poke_Count,Right_Poke_Count,Pellet_Count,Block_Pellet_Count,Retrieval_Time,InterPelletInterval,Poke_Time
4/23/2022 9:59:44,1.12.0,Free_feed,5,3.54,nan,0,LeftWithPellet,Left,1,0,0,0,nan,nan,0.05
4/23/2022 9:59:47,1.12.0,Free_feed,5,3.54,nan,0,LeftWithPellet,Left,2,0,0,0,nan,nan,0.53
4/23/2022 10:13:04,1.12.0,Free_feed,5,3.54,nan,0,LeftWithPellet,Left,3,0,0,0,nan,nan,0.02
4/23/2022 11:08:47,1.12.0,Free_feed,5,3.55,nan,0,RightWithPellet,Left,3,1,0,0,nan,nan,0.01
4/23/2022 11:12:39,1.12.0,Free_feed,5,3.54,nan,0,RightWithPellet,Left,3,2,0,0,nan,nan,0.94
4/23/2022 11:14:10,1.12.0,Free_feed,5,3.54,nan,0,LeftWithPellet,Left,4,2,0,0,nan,nan,0.01
4/23/2022 11:19:44,1.12.0,Free_feed,5,3.54,3,0,Pellet,Left,4,2,1,0,Timed_out,nan,nan
4/23/2022 11:19:45,1.12.0,Free_feed,5,3.54,1,0,Pellet,Left,4,2,2,0,0.06,1,nan
4/23/2022 11:19:46,1.12.0,Free_feed,5,3.54,1,0,Pellet,Left,4,2,3,0,0.13,1,nan
4/23/2022 11:24:12,1.12.0,Free_feed,5,3.54,1,0,Pellet,Left,4,2,4,0,Timed_out,266,nan
4/23/2022 11:24:49,1.12.0,Free_feed,5,3.54,2,0,Pellet,Left,4,2,5,0,27.81,37,nan
4/23/2022 11:25:08,1.12.0,Free_feed,5,3.54,1,0,Pellet,Left,4,2,6,0,17.48,19,nan
4/23/2022 11:25:14,1.12.0,Free_feed,5,3.53,1,0,Pellet,Left,4,2,7,0,0.40,6,nan
4/23/2022 12:14:18,1.12.0,Free_feed,5,3.54,1,0,Pellet,Left,4,2,8,0,Timed_out,2944,nan
4/23/2022 12:14:19,1.12.0,Free_feed,5,3.54,1,0,Pellet,Left,4,2,9,0,0.06,1,nan
4/23/2022 12:15:50,1.12.0,Free_feed,5,3.56,nan,0,LeftWithPellet,Left,5,2,9,0,nan,nan,0.03
4/23/2022 12:16:45,1.12.0,Free_feed,5,3.54,1,0,Pellet,Left,5,2,10,0,Timed_out,146,nan
4/23/2022 13:45:28,1.12.0,Free_feed,5,3.54,1,0,Pellet,Left,5,2,11,0,Timed_out,5323,nan
4/23/2022 13:45:52,1.12.0,Free_feed,5,3.54,2,0,Pellet,Left,5,2,12,0,20.56,24,nan
4/23/2022 13:46:21,1.12.0,Free_feed,5,3.54,1,0,Pellet,Left,5,2,13,0,27.35,29,nan
4/23/2022 14:48:51,1.12.0,Free_feed,5,3.53,1,0,Pellet,Left,5,2,14,0,Timed_out,3750,nan
4/23/2022 14:49:17,1.12.0,Free_feed,5,3.54,2,0,Pellet,Left,5,2,15,0,17.55,26,nan
4/23/2022 14:49:37,1.12.0,Free_feed,5,3.54,2,0,Pellet,Left,5,2,16,0,12.97,20,nan
4/23/2022 14:50:16,1.12.0,Free_feed,5,3.54,1,0,Pellet,Left,5,2,17,0,37.28,39,nan
4/23/2022 14:50:51,1.12.0,Free_feed,5,3.54,1,0,Pellet,Left,5,2,18,0,28.16,35,nan
4/23/2022 14:51:12,1.12.0,Free_feed,5,3.53,2,0,Pellet,Left,5,2,19,0,14.06,21,nan
4/23/2022 15:45:18,1.12.0,Free_feed,5,3.54,1,0,Pellet,Left,5,2,20,0,Timed_out,3246,nan
4/23/2022 15:45:38,1.12.0,Free_feed,5,3.53,1,0,Pellet,Left,5,2,21,0,13.31,20,nan
4/23/2022 15:45:58,1.12.0,Free_feed,5,3.54,3,0,Pellet,Left,5,2,22,0,15.91,20,nan
4/23/2022 15:45:59,1.12.0,Free_feed,5,3.54,1,0,Pellet,Left,5,2,23,0,0.74,1,nan
4/23/2022 15:46:11,1.12.0,Free_feed,5,3.54,1,0,Pellet,Left,5,2,24,0,5.73,12,nan
4/23/2022 15:48:27,1.12.0,Free_feed,5,3.54,1,0,Pellet,Left,5,2,25,0,Timed_out,136,nan
4/23/2022 15:48:40,1.12.0,Free_feed,5,3.54,1,0,Pellet,Left,5,2,26,0,6.41,13,nan
4/23/2022 15:48:55,1.12.0,Free_feed,5,3.54,2,0,Pellet,Left,5,2,27,0,8.25,15,nan
4/23/2022 16:19:23,1.12.0,Free_feed,5,3.53,2,0,Pellet,Left,5,2,28,0,Timed_out,1828,nan
4/23/2022 16:20:27,1.12.0,Free_feed,5,3.53,1,0,Pellet,Left,5,2,29,0,Timed_out,64,nan
4/23/2022 16:20:28,1.12.0,Free_feed,5,3.54,1,0,Pellet,Left,5,2,30,0,0.13,1,nan
4/23/2022 16:20:48,1.12.0,Free_feed,5,3.54,1,0,Pellet,Left,5,2,31,0,12.84,20,nan
4/23/2022 17:14:02,1.12.0,Free_feed,5,3.54,1,0,Pellet,Left,5,2,32,0,Timed_out,3194,nan
4/23/2022 17:14:04,1.12.0,Free_feed,5,3.54,1,0,Pellet,Left,5,2,33,0,0.88,2,nan
4/23/2022 17:14:25,1.12.0,Free_feed,5,3.54,nan,0,RightWithPellet,Left,5,3,33,0,nan,nan,0.02
4/23/2022 17:14:55,1.12.0,Free_feed,5,3.54,nan,0,LeftWithPellet,Left,6,3,33,0,nan,nan,0.47
4/23/2022 17:14:57,1.12.0,Free_feed,5,3.54,4,0,Pellet,Left,6,3,34,0,46.75,53,nan
4/23/2022 17:15:09,1.12.0,Free_feed,5,3.54,2,0,Pellet,Left,6,3,35,0,5.59,12,nan
4/23/2022 17:15:25,1.12.0,Free_feed,5,3.53,3,0,Pellet,Left,6,3,36,0,5.59,16,nan
4/23/2022 17:15:40,1.12.0,Free_feed,5,3.54,1,0,Pellet,Left,6,3,37,0,8.25,15,nan
4/23/2022 17:15:41,1.12.0,Free_feed,5,3.54,1,0,Pellet,Left,6,3,38,0,0.06,1,nan
4/23/2022 17:15:56,1.12.0,Free_feed,5,3.53,1,0,Pellet,Left,6,3,39,0,9.07,15,nan
4/23/2022 17:39:27,1.12.0,Free_feed,5,3.54,2,0,Pellet,Left,6,3,40,0,Timed_out,1411,nan
4/23/2022 17:39:36,1.12.0,Free_feed,5,3.54,1,0,Pellet,Left,6,3,41,0,2.04,9,nan
4/23/2022 17:40:13,1.12.0,Free_feed,5,3.54,1,0,Pellet,Left,6,3,42,0,35.36,37,nan
4/23/2022 17:40:14,1.12.0,Free_feed,5,3.54,1,0,Pellet,Left,6,3,43,0,0.13,1,nan
4/23/2022 17:40:20,1.12.0,Free_feed,5,3.54,1,0,Pellet,Left,6,3,44,0,0.06,6,nan
4/23/2022 17:40:34,1.12.0,Free_feed,5,3.53,1,0,Pellet,Left,6,3,45,0,7.16,14,nan
4/23/2022 17:40:48,1.12.0,Free_feed,5,3.54,1,0,Pellet,Left,6,3,46,0,7.09,14,nan
4/23/2022 17:41:25,1.12.0,Free_feed,5,3.55,1,0,Pellet,Left,6,3,47,0,29.47,37,nan
4/23/2022 17:42:54,1.12.0,Free_feed,5,3.54,1,0,Pellet,Left,6,3,48,0,Timed_out,89,nan
4/23/2022 18:24:59,1.12.0,Free_feed,5,3.55,2,0,Pellet,Left,6,3,49,0,Timed_out,2525,nan
4/23/2022 18:25:16,1.12.0,Free_feed,5,3.52,3,0,Pellet,Left,6,3,50,0,5.93,17,nan
4/23/2022 18:25:23,1.12.0,Free_feed,5,3.54,1,0,Pellet,Left,6,3,51,0,0.81,7,nan
4/23/2022 18:25:43,1.12.0,Free_feed,5,3.53,1,0,Pellet,Left,6,3,52,0,12.36,20,nan
4/23/2022 18:25:44,1.12.0,Free_feed,5,3.54,1,0,Pellet,Left,6,3,53,0,0.06,1,nan
4/23/2022 18:26:00,1.12.0,Free_feed,5,3.54,1,0,Pellet,Left,6,3,54,0,9.15,16,nan
4/23/2022 18:26:18,1.12.0,Free_feed,5,3.55,1,0,Pellet,Left,6,3,55,0,12.01,18,nan
4/23/2022 18:26:34,1.12.0,Free_feed,5,3.53,2,0,Pellet,Left,6,3,56,0,6.82,16,nan
4/23/2022 19:01:03,1.12.0,Free_feed,5,3.54,2,0,Pellet,Left,6,3,57,0,Timed_out,2069,nan
4/23/2022 19:01:17,1.12.0,Free_feed,5,3.54,1,0,Pellet,Left,6,3,58,0,7.09,14,nan
4/23/2022 19:01:30,1.12.0,Free_feed,5,3.54,2,0,Pellet,Left,6,3,59,0,4.02,13,nan
4/23/2022 19:01:45,1.12.0,Free_feed,5,3.55,2,0,Pellet,Left,6,3,60,0,6.00,15,nan
4/23/2022 19:01:57,1.12.0,Free_feed,5,3.54,1,0,Pellet,Left,6,3,61,0,5.59,12,nan
4/23/2022 19:15:15,1.12.0,Free_feed,5,3.54,nan,0,LeftWithPellet,Left,7,3,61,0,nan,nan,0.41
4/23/2022 19:15:16,1.12.0,Free_feed,5,3.54,2,0,Pellet,Left,7,3,62,0,Timed_out,799,nan
4/23/2022 19:15:17,1.12.0,Free_feed,5,3.54,1,0,Pellet,Left,7,3,63,0,0.06,1,nan
4/23/2022 19:15:41,1.12.0,Free_feed,5,3.54,1,0,Pellet,Left,7,3,64,0,17.01,24,nan
4/23/2022 19:17:18,1.12.0,Free_feed,5,3.54,nan,0,RightWithPellet,Left,7,4,64,0,nan,nan,0.42
4/23/2022 19:18:55,1.12.0,Free_feed,5,3.53,2,0,Pellet,Left,7,4,65,0,Timed_out,194,nan
4/23/2022 19:18:56,1.12.0,Free_feed,5,3.54,1,0,Pellet,Left,7,4,66,0,0.13,1,nan
4/23/2022 19:19:27,1.12.0,Free_feed,5,3.55,1,0,Pellet,Left,7,4,67,0,24.20,31,nan
4/23/2022 19:19:28,1.12.0,Free_feed,5,3.53,1,0,Pellet,Left,7,4,68,0,0.06,1,nan
4/23/2022 19:20:01,1.12.0,Free_feed,5,3.54,nan,0,RightWithPellet,Left,7,5,68,0,nan,nan,1.67
4/23/2022 19:21:59,1.12.0,Free_feed,5,3.54,1,0,Pellet,Left,7,5,69,0,Timed_out,151,nan
4/23/2022 19:22:25,1.12.0,Free_feed,5,3.54,4,0,Pellet,Left,7,5,70,0,14.82,26,nan
4/23/2022 19:23:05,1.12.0,Free_feed,5,3.54,2,0,Pellet,Left,7,5,71,0,32.70,40,nan
4/23/2022 19:23:58,1.12.0,Free_feed,5,3.54,nan,0,LeftWithPellet,Left,8,5,71,0,nan,nan,0.51
4/23/2022 19:32:36,1.12.0,Free_feed,5,3.54,2,0,Pellet,Left,8,5,72,0,Timed_out,571,nan
4/23/2022 19:32:37,1.12.0,Free_feed,5,3.54,1,0,Pellet,Left,8,5,73,0,0.13,1,nan
4/23/2022 19:54:11,1.12.0,Free_feed,5,3.53,2,0,Pellet,Left,8,5,74,0,Timed_out,1294,nan
4/23/2022 19:54:31,1.12.0,Free_feed,5,3.54,2,0,Pellet,Left,8,5,75,0,17.07,20,nan
4/23/2022 19:55:18,1.12.0,Free_feed,5,3.54,1,0,Pellet,Left,8,5,76,0,45.17,47,nan
4/23/2022 19:56:30,1.12.0,Free_feed,5,3.54,nan,0,RightWithPellet,Left,8,6,76,0,nan,nan,0.06
4/23/2022 19:57:41,1.12.0,Free_feed,5,3.54,1,0,Pellet,Left,8,6,77,0,Timed_out,143,nan
4/23/2022 19:57:54,1.12.0,Free_feed,5,3.54,1,0,Pellet,Left,8,6,78,0,7.50,13,nan
4/23/2022 20:24:33,1.12.0,Free_feed,5,3.54,1,0,Pellet,Left,8,6,79,0,Timed_out,1599,nan
4/23/2022 20:26:49,1.12.0,Free_feed,5,3.54,nan,0,RightWithPellet,Left,8,7,79,0,nan,nan,0.00
4/23/2022 20:30:19,1.12.0,Free_feed,5,3.54,nan,0,LeftWithPellet,Left,9,7,79,0,nan,nan,0.07
4/23/2022 20:30:29,1.12.0,Free_feed,5,3.53,1,0,Pellet,Left,9,7,80,0,Timed_out,356,nan
4/23/2022 20:38:54,1.12.0,Free_feed,5,3.54,1,0,Pellet,Left,9,7,81,0,Timed_out,505,nan
4/23/2022 20:39:05,1.12.0,Free_feed,5,3.53,2,0,Pellet,Left,9,7,82,0,2.58,11,nan
4/23/2022 20:39:05,1.12.0,Free_feed,5,3.54,1,0,Pellet,Left,9,7,83,0,0.06,0,nan
4/23/2022 20:39:12,1.12.0,Free_feed,5,3.53,1,0,Pellet,Left,9,7,84,0,5.32,6,nan
4/23/2022 20:39:21,1.12.0,Free_feed,5,3.54,nan,0,LeftWithPellet,Left,10,7,84,0,nan,nan,0.27
4/23/2022 20:54:23,1.12.0,Free_feed,5,3.53,1,0,Pellet,Left,10,7,85,0,Timed_out,912,nan
4/23/2022 20:55:38,1.12.0,Free_feed,5,3.53,nan,0,LeftWithPellet,Left,11,7,85,0,nan,nan,0.08
4/23/2022 20:55:38,1.12.0,Free_feed,5,3.53,1,0,Pellet,Left,11,7,86,0,Timed_out,75,nan
4/23/2022 20:55:45,1.12.0,Free_feed,5,3.54,1,0,Pellet,Left,11,7,87,0,0.27,7,nan
4/23/2022 21:00:27,1.12.0,Free_feed,5,3.53,1,0,Pellet,Left,11,7,88,0,Timed_out,282,nan
4/23/2022 21:00:36,1.12.0,Free_feed,5,3.53,nan,0,LeftWithPellet,Left,12,7,88,0,nan,nan,0.25
4/23/2022 21:00:37,1.12.0,Free_feed,5,3.54,1,0,Pellet,Left,12,7,89,0,3.60,10,nan
4/23/2022 21:00:37,1.12.0,Free_feed,5,3.54,1,0,Pellet,Left,12,7,90,0,0.06,0,nan
4/23/2022 21:11:07,1.12.0,Free_feed,5,3.53,nan,0,LeftWithPellet,Left,13,7,90,0,nan,nan,0.26
4/23/2022 21:11:11,1.12.0,Free_feed,5,3.53,nan,0,RightWithPellet,Left,13,8,90,0,nan,nan,0.59
4/23/2022 21:22:03,1.12.0,Free_feed,5,3.53,1,0,Pellet,Left,13,8,91,0,Timed_out,1286,nan
4/23/2022 21:23:01,1.12.0,Free_feed,5,3.54,1,0,Pellet,Left,13,8,92,0,51.89,58,nan
4/23/2022 21:24:41,1.12.0,Free_feed,5,3.54,1,0,Pellet,Left,13,8,93,0,Timed_out,100,nan
4/23/2022 21:24:48,1.12.0,Free_feed,5,3.53,1,0,Pellet,Left,13,8,94,0,1.08,7,nan
4/23/2022 21:24:58,1.12.0,Free_feed,5,3.53,1,0,Pellet,Left,13,8,95,0,3.06,10,nan
4/23/2022 21:25:08,1.12.0,Free_feed,5,3.53,2,0,Pellet,Left,13,8,96,0,2.93,10,nan
4/23/2022 21:25:20,1.12.0,Free_feed,5,3.54,3,0,Pellet,Left,13,8,97,0,1.49,12,nan
4/23/2022 21:25:31,1.12.0,Free_feed,5,3.51,2,0,Pellet,Left,13,8,98,0,1.43,11,nan
4/23/2022 21:25:41,1.12.0,Free_feed,5,3.54,1,0,Pellet,Left,13,8,99,0,4.23,10,nan
4/23/2022 21:32:59,1.12.0,Free_feed,5,3.53,1,0,Pellet,Left,13,8,100,0,Timed_out,438,nan
4/23/2022 21:33:07,1.12.0,Free_feed,5,3.54,1,0,Pellet,Left,13,8,101,0,1.56,8,nan
4/23/2022 21:33:15,1.12.0,Free_feed,5,3.53,1,0,Pellet,Left,13,8,102,0,1.97,8,nan
4/23/2022 21:33:25,1.12.0,Free_feed,5,3.54,1,0,Pellet,Left,13,8,103,0,2.31,10,nan
4/23/2022 21:33:35,1.12.0,Free_feed,5,3.53,1,0,Pellet,Left,13,8,104,0,3.40,10,nan
4/23/2022 21:35:35,1.12.0,Free_feed,5,3.54,1,0,Pellet,Left,13,8,105,0,Timed_out,120,nan
4/23/2022 21:42:14,1.12.0,Free_feed,5,3.53,1,0,Pellet,Left,13,8,106,0,Timed_out,399,nan
4/23/2022 22:11:24,1.12.0,Free_feed,5,3.53,1,0,Pellet,Left,13,8,107,0,Timed_out,1750,nan
4/23/2022 22:13:03,1.12.0,Free_feed,5,3.53,2,0,Pellet,Left,13,8,108,0,Timed_out,99,nan
4/23/2022 22:13:12,1.12.0,Free_feed,5,3.53,2,0,Pellet,Left,13,8,109,0,0.74,9,nan
4/23/2022 22:13:20,1.12.0,Free_feed,5,3.52,1,0,Pellet,Left,13,8,110,0,0.68,8,nan
4/23/2022 22:13:29,1.12.0,Free_feed,5,3.53,1,0,Pellet,Left,13,8,111,0,2.38,9,nan
4/23/2022 22:13:41,1.12.0,Free_feed,5,3.54,1,0,Pellet,Left,13,8,112,0,6.00,12,nan
4/23/2022 22:13:50,1.12.0,Free_feed,5,3.54,1,0,Pellet,Left,13,8,113,0,1.90,9,nan
4/23/2022 22:14:02,1.12.0,Free_feed,5,3.54,2,0,Pellet,Left,13,8,114,0,2.65,12,nan
4/23/2022 22:15:44,1.12.0,Free_feed,5,3.52,nan,0,LeftWithPellet,Left,14,8,114,0,nan,nan,0.09
4/23/2022 22:15:46,1.12.0,Free_feed,5,3.53,1,0,Pellet,Left,14,8,115,0,Timed_out,104,nan
4/23/2022 22:15:47,1.12.0,Free_feed,5,3.54,1,0,Pellet,Left,14,8,116,0,0.06,1,nan
4/23/2022 22:16:01,1.12.0,Free_feed,5,3.54,nan,0,RightWithPellet,Left,14,9,116,0,nan,nan,0.46
4/23/2022 22:18:12,1.12.0,Free_feed,5,3.54,nan,0,RightWithPellet,Left,14,10,116,0,nan,nan,0.41
4/23/2022 22:22:34,1.12.0,Free_feed,5,3.53,1,0,Pellet,Left,14,10,117,0,Timed_out,407,nan
4/23/2022 22:32:41,1.12.0,Free_feed,5,3.53,nan,0,RightWithPellet,Left,14,11,117,0,nan,nan,0.10
4/23/2022 22:34:40,1.12.0,Free_feed,5,3.54,nan,0,LeftWithPellet,Left,15,11,117,0,nan,nan,0.37
4/23/2022 22:44:58,1.12.0,Free_feed,5,3.52,nan,0,LeftWithPellet,Left,16,11,117,0,nan,nan,0.11
4/23/2022 22:45:06,1.12.0,Free_feed,5,3.53,2,0,Pellet,Left,16,11,118,0,Timed_out,1352,nan
4/23/2022 22:45:23,1.12.0,Free_feed,5,3.53,1,0,Pellet,Left,16,11,119,0,15.17,17,nan
4/23/2022 22:45:34,1.12.0,Free_feed,5,3.54,2,0,Pellet,Left,16,11,120,0,2.72,11,nan
4/23/2022 22:45:45,1.12.0,Free_feed,5,3.52,3,0,Pellet,Left,16,11,121,0,1.90,11,nan
4/23/2022 22:45:45,1.12.0,Free_feed,5,3.52,1,0,Pellet,Left,16,11,122,0,0.06,0,nan
4/23/2022 22:45:56,1.12.0,Free_feed,5,3.53,1,0,Pellet,Left,16,11,123,0,3.34,11,nan
4/23/2022 22:46:05,1.12.0,Free_feed,5,3.53,1,0,Pellet,Left,16,11,124,0,2.04,8,nan
4/23/2022 22:46:14,1.12.0,Free_feed,5,3.53,2,0,Pellet,Left,16,11,125,0,0.47,10,nan
4/23/2022 22:46:25,1.12.0,Free_feed,5,3.53,2,0,Pellet,Left,16,11,126,0,4.57,11,nan
4/23/2022 22:46:37,1.12.0,Free_feed,5,3.53,3,0,Pellet,Left,16,11,127,0,7.10,11,nan
4/23/2022 22:46:51,1.12.0,Free_feed,5,3.53,2,0,Pellet,Left,16,11,128,0,12.22,15,nan
4/23/2022 22:47:03,1.12.0,Free_feed,5,3.53,2,0,Pellet,Left,16,11,129,0,9.08,11,nan
4/23/2022 22:47:03,1.12.0,Free_feed,5,3.54,1,0,Pellet,Left,16,11,130,0,0.06,1,nan
4/23/2022 22:47:11,1.12.0,Free_feed,5,3.53,2,0,Pellet,Left,16,11,131,0,0.27,8,nan
4/23/2022 22:47:20,1.12.0,Free_feed,5,3.53,1,0,Pellet,Left,16,11,132,0,1.83,9,nan
4/23/2022 22:47:32,1.12.0,Free_feed,5,3.53,1,0,Pellet,Left,16,11,133,0,4.77,12,nan
4/23/2022 23:08:18,1.12.0,Free_feed,5,3.53,3,0,Pellet,Left,16,11,134,0,Timed_out,1246,nan
4/23/2022 23:25:13,1.12.0,Free_feed,5,3.52,1,0,Pellet,Left,16,11,135,0,Timed_out,1015,nan
4/23/2022 23:25:26,1.12.0,Free_feed,5,3.52,1,0,Pellet,Left,16,11,136,0,5.80,12,nan
4/23/2022 23:25:34,1.12.0,Free_feed,5,3.52,1,0,Pellet,Left,16,11,137,0,1.43,9,nan
4/23/2022 23:25:35,1.12.0,Free_feed,5,3.53,1,0,Pellet,Left,16,11,138,0,0.61,1,nan
4/23/2022 23:25:44,1.12.0,Free_feed,5,3.53,1,0,Pellet,Left,16,11,139,0,2.86,9,nan
4/23/2022 23:25:55,1.12.0,Free_feed,5,3.52,1,0,Pellet,Left,16,11,140,0,4.84,11,nan
4/23/2022 23:26:04,1.12.0,Free_feed,5,3.53,2,0,Pellet,Left,16,11,141,0,1.70,9,nan
4/23/2022 23:26:14,1.12.0,Free_feed,5,3.53,2,0,Pellet,Left,16,11,142,0,5.79,10,nan
4/23/2022 23:26:25,1.12.0,Free_feed,5,3.52,1,0,Pellet,Left,16,11,143,0,9.49,11,nan
4/23/2022 23:26:38,1.12.0,Free_feed,5,3.52,1,0,Pellet,Left,16,11,144,0,11.95,13,nan
4/23/2022 23:26:49,1.12.0,Free_feed,5,3.54,1,0,Pellet,Left,16,11,145,0,4.77,11,nan
4/23/2022 23:32:02,1.12.0,Free_feed,5,3.51,nan,0,LeftWithPellet,Left,17,11,145,0,nan,nan,0.06
4/23/2022 23:37:44,1.12.0,Free_feed,5,3.53,nan,0,LeftWithPellet,Left,18,11,145,0,nan,nan,1.00
4/23/2022 23:38:23,1.12.0,Free_feed,5,3.51,nan,0,LeftWithPellet,Left,19,11,145,0,nan,nan,0.66
4/23/2022 23:38:24,1.12.0,Free_feed,5,3.53,1,0,Pellet,Left,19,11,146,0,Timed_out,695,nan
4/23/2022 23:38:36,1.12.0,Free_feed,5,3.53,1,0,Pellet,Left,19,11,147,0,4.98,12,nan
4/23/2022 23:38:45,1.12.0,Free_feed,5,3.53,2,0,Pellet,Left,19,11,148,0,0.40,9,nan
4/23/2022 23:39:05,1.12.0,Free_feed,5,3.52,3,0,Pellet,Left,19,11,149,0,9.08,20,nan
4/23/2022 23:39:13,1.12.0,Free_feed,5,3.53,2,0,Pellet,Left,19,11,150,0,1.29,8,nan
4/23/2022 23:39:23,1.12.0,Free_feed,5,3.53,3,0,Pellet,Left,19,11,151,0,1.36,10,nan
4/23/2022 23:39:33,1.12.0,Free_feed,5,3.53,2,0,Pellet,Left,19,11,152,0,1.22,10,nan
4/23/2022 23:39:44,1.12.0,Free_feed,5,3.51,1,0,Pellet,Left,19,11,153,0,4.70,11,nan
4/23/2022 23:39:55,1.12.0,Free_feed,5,3.53,1,0,Pellet,Left,19,11,154,0,4.43,11,nan
4/23/2022 23:40:08,1.12.0,Free_feed,5,3.52,1,0,Pellet,Left,19,11,155,0,6.20,13,nan
4/24/2022 0:07:10,1.12.0,Free_feed,5,3.51,2,0,Pellet,Left,19,11,156,0,Timed_out,1622,nan
4/24/2022 0:07:24,1.12.0,Free_feed,5,3.51,4,0,Pellet,Left,19,11,157,0,1.02,14,nan
4/24/2022 0:07:32,1.12.0,Free_feed,5,3.51,1,0,Pellet,Left,19,11,158,0,0.88,8,nan
4/24/2022 0:07:40,1.12.0,Free_feed,5,3.51,1,0,Pellet,Left,19,11,159,0,1.56,8,nan
4/24/2022 0:07:52,1.12.0,Free_feed,5,3.51,1,0,Pellet,Left,19,11,160,0,4.70,11,nan
4/24/2022 0:08:03,1.12.0,Free_feed,5,3.54,1,0,Pellet,Left,19,11,161,0,5.45,12,nan
4/24/2022 0:08:14,1.12.0,Free_feed,5,3.51,2,0,Pellet,Left,19,11,162,0,4.29,11,nan
4/24/2022 0:08:24,1.12.0,Free_feed,5,3.51,2,0,Pellet,Left,19,11,163,0,1.01,10,nan
4/24/2022 0:08:34,1.12.0,Free_feed,5,3.54,2,0,Pellet,Left,19,11,164,0,1.42,10,nan
4/24/2022 0:10:30,1.12.0,Free_feed,5,3.51,nan,0,LeftWithPellet,Left,20,11,164,0,nan,nan,0.04
4/24/2022 0:20:21,1.12.0,Free_feed,5,3.51,nan,0,RightWithPellet,Left,20,12,164,0,nan,nan,0.02
4/24/2022 0:21:26,1.12.0,Free_feed,5,3.51,1,0,Pellet,Left,20,12,165,0,Timed_out,772,nan
4/24/2022 0:21:58,1.12.0,Free_feed,5,3.52,2,0,Pellet,Left,20,12,166,0,22.90,32,nan
4/24/2022 0:22:10,1.12.0,Free_feed,5,3.51,2,0,Pellet,Left,20,12,167,0,3.40,12,nan
4/24/2022 0:22:18,1.12.0,Free_feed,5,3.51,1,0,Pellet,Left,20,12,168,0,1.08,8,nan
4/24/2022 0:22:28,1.12.0,Free_feed,5,3.51,1,0,Pellet,Left,20,12,169,0,3.06,10,nan
4/24/2022 0:22:37,1.12.0,Free_feed,5,3.51,1,0,Pellet,Left,20,12,170,0,2.52,9,nan
4/24/2022 0:22:54,1.12.0,Free_feed,5,3.52,6,0,Pellet,Left,20,12,171,0,1.63,17,nan
4/24/2022 0:23:06,1.12.0,Free_feed,5,3.51,2,0,Pellet,Left,20,12,172,0,2.86,12,nan
4/24/2022 0:23:15,1.12.0,Free_feed,5,3.51,1,0,Pellet,Left,20,12,173,0,2.11,9,nan
4/24/2022 0:23:27,1.12.0,Free_feed,5,3.51,1,0,Pellet,Left,20,12,174,0,5.59,12,nan
4/24/2022 0:23:39,1.12.0,Free_feed,5,3.51,1,0,Pellet,Left,20,12,175,0,5.59,12,nan
4/24/2022 0:23:51,1.12.0,Free_feed,5,3.51,4,0,Pellet,Left,20,12,176,0,0.95,12,nan
4/24/2022 0:41:12,1.12.0,Free_feed,5,3.54,nan,0,RightWithPellet,Left,20,13,176,0,nan,nan,0.47
4/24/2022 0:43:35,1.12.0,Free_feed,5,3.52,nan,0,LeftWithPellet,Left,21,13,176,0,nan,nan,0.05
4/24/2022 0:44:10,1.12.0,Free_feed,5,3.52,nan,0,LeftWithPellet,Left,22,13,176,0,nan,nan,0.20
4/24/2022 0:48:32,1.12.0,Free_feed,5,3.52,2,0,Pellet,Left,22,13,177,0,Timed_out,1481,nan
4/24/2022 0:50:43,1.12.0,Free_feed,5,3.51,2,0,Pellet,Left,22,13,178,0,Timed_out,131,nan
4/24/2022 0:50:53,1.12.0,Free_feed,5,3.53,1,0,Pellet,Left,22,13,179,0,9.00,10,nan
4/24/2022 0:51:05,1.12.0,Free_feed,5,3.51,1,0,Pellet,Left,22,13,180,0,4.91,12,nan
4/24/2022 0:51:15,1.12.0,Free_feed,5,3.51,2,0,Pellet,Left,22,13,181,0,0.88,10,nan
4/24/2022 0:51:27,1.12.0,Free_feed,5,3.51,1,0,Pellet,Left,22,13,182,0,5.38,12,nan
4/24/2022 0:51:38,1.12.0,Free_feed,5,3.51,2,0,Pellet,Left,22,13,183,0,1.63,11,nan
4/24/2022 0:51:51,1.12.0,Free_feed,5,3.51,1,0,Pellet,Left,22,13,184,0,6.75,13,nan
4/24/2022 0:52:04,1.12.0,Free_feed,5,3.52,1,0,Pellet,Left,22,13,185,0,7.23,13,nan
4/24/2022 1:08:00,1.12.0,Free_feed,5,3.51,nan,0,RightWithPellet,Left,22,14,185,0,nan,nan,0.41
4/24/2022 1:09:42,1.12.0,Free_feed,5,3.52,1,0,Pellet,Left,22,14,186,0,Timed_out,1058,nan
4/24/2022 1:09:54,1.12.0,Free_feed,5,3.51,3,0,Pellet,Left,22,14,187,0,0.74,12,nan
4/24/2022 1:10:57,1.12.0,Free_feed,5,3.51,1,0,Pellet,Left,22,14,188,0,55.70,63,nan
4/24/2022 1:11:07,1.12.0,Free_feed,5,3.53,2,0,Pellet,Left,22,14,189,0,1.76,10,nan
4/24/2022 1:11:17,1.12.0,Free_feed,5,3.51,1,0,Pellet,Left,22,14,190,0,2.92,10,nan
4/24/2022 1:11:30,1.12.0,Free_feed,5,3.52,1,0,Pellet,Left,22,14,191,0,6.40,13,nan
4/24/2022 1:13:51,1.12.0,Free_feed,5,3.51,3,0,Pellet,Left,22,14,192,0,Timed_out,141,nan
4/24/2022 1:13:58,1.12.0,Free_feed,5,3.51,2,0,Pellet,Left,22,14,193,0,1.22,7,nan
4/24/2022 1:14:10,1.12.0,Free_feed,5,3.52,1,0,Pellet,Left,22,14,194,0,4.56,11,nan
4/24/2022 2:47:28,1.12.0,Free_feed,5,3.51,1,0,Pellet,Left,22,14,195,0,Timed_out,5599,nan
4/24/2022 2:47:52,1.12.0,Free_feed,5,3.51,2,0,Pellet,Left,22,14,196,0,17.35,24,nan
4/24/2022 2:48:07,1.12.0,Free_feed,5,3.51,1,0,Pellet,Left,22,14,197,0,8.73,15,nan
4/24/2022 2:48:24,1.12.0,Free_feed,5,3.51,1,0,Pellet,Left,22,14,198,0,10.24,17,nan
4/24/2022 2:48:38,1.12.0,Free_feed,5,3.53,2,0,Pellet,Left,22,14,199,0,7.64,14,nan
4/24/2022 2:48:45,1.12.0,Free_feed,5,3.51,1,0,Pellet,Left,22,14,200,0,1.63,7,nan
4/24/2022 2:49:01,1.12.0,Free_feed,5,3.51,2,0,Pellet,Left,22,14,201,0,7.03,16,nan
4/24/2022 2:49:13,1.12.0,Free_feed,5,3.51,1,0,Pellet,Left,22,14,202,0,4.57,12,nan
4/24/2022 2:59:40,1.12.0,Free_feed,5,3.54,nan,0,RightWithPellet,Left,22,15,202,0,nan,nan,0.08
4/24/2022 3:04:19,1.12.0,Free_feed,5,3.51,nan,0,RightWithPellet,Left,22,16,202,0,nan,nan,0.13
4/24/2022 3:05:00,1.12.0,Free_feed,5,3.52,1,0,Pellet,Left,22,16,203,0,Timed_out,947,nan
4/24/2022 3:05:30,1.12.0,Free_feed,5,3.51,1,0,Pellet,Left,22,16,204,0,23.45,30,nan
4/24/2022 3:13:21,1.12.0,Free_feed,5,3.52,1,0,Pellet,Left,22,16,205,0,Timed_out,471,nan
4/24/2022 3:13:30,1.12.0,Free_feed,5,3.53,1,0,Pellet,Left,22,16,206,0,3.06,9,nan
4/24/2022 3:13:43,1.12.0,Free_feed,5,3.53,2,0,Pellet,Left,22,16,207,0,5.32,13,nan
4/24/2022 3:13:59,1.12.0,Free_feed,5,3.52,2,0,Pellet,Left,22,16,208,0,7.23,16,nan
4/24/2022 3:14:09,1.12.0,Free_feed,5,3.51,2,0,Pellet,Left,22,16,209,0,1.15,10,nan
4/24/2022 3:14:20,1.12.0,Free_feed,5,3.52,1,0,Pellet,Left,22,16,210,0,4.97,11,nan
4/24/2022 3:14:32,1.12.0,Free_feed,5,3.52,1,0,Pellet,Left,22,16,211,0,4.56,12,nan
4/24/2022 3:14:47,1.12.0,Free_feed,5,3.53,1,0,Pellet,Left,22,16,212,0,9.00,15,nan
4/24/2022 3:14:57,1.12.0,Free_feed,5,3.53,2,0,Pellet,Left,22,16,213,0,0.95,10,nan
4/24/2022 3:25:31,1.12.0,Free_feed,5,3.51,4,0,Pellet,Left,22,16,214,0,Timed_out,634,nan
4/24/2022 3:25:39,1.12.0,Free_feed,5,3.51,2,0,Pellet,Left,22,16,215,0,1.43,8,nan
4/24/2022 3:25:49,1.12.0,Free_feed,5,3.52,2,0,Pellet,Left,22,16,216,0,3.41,10,nan
4/24/2022 3:25:59,1.12.0,Free_feed,5,3.51,2,0,Pellet,Left,22,16,217,0,3.75,10,nan
4/24/2022 3:26:10,1.12.0,Free_feed,5,3.52,2,0,Pellet,Left,22,16,218,0,3.06,11,nan
4/24/2022 3:26:19,1.12.0,Free_feed,5,3.53,2,0,Pellet,Left,22,16,219,0,6.41,9,nan
4/24/2022 3:26:33,1.12.0,Free_feed,5,3.51,1,0,Pellet,Left,22,16,220,0,6.82,14,nan
4/24/2022 3:26:42,1.12.0,Free_feed,5,3.51,1,0,Pellet,Left,22,16,221,0,1.97,9,nan
4/24/2022 3:35:59,1.12.0,Free_feed,5,3.52,1,0,Pellet,Left,22,16,222,0,Timed_out,557,nan
4/24/2022 3:48:26,1.12.0,Free_feed,5,3.51,1,0,Pellet,Left,22,16,223,0,Timed_out,747,nan
4/24/2022 3:48:40,1.12.0,Free_feed,5,3.51,1,0,Pellet,Left,22,16,224,0,7.85,14,nan
4/24/2022 3:48:51,1.12.0,Free_feed,5,3.51,2,0,Pellet,Left,22,16,225,0,4.77,11,nan
4/24/2022 3:49:07,1.12.0,Free_feed,5,3.52,1,0,Pellet,Left,22,16,226,0,8.33,16,nan
4/24/2022 3:49:25,1.12.0,Free_feed,5,3.51,1,0,Pellet,Left,22,16,227,0,11.74,18,nan
4/24/2022 5:54:59,1.12.0,Free_feed,5,3.51,nan,0,RightWithPellet,Left,22,17,227,0,nan,nan,0.00
4/24/2022 7:06:53,1.12.0,Free_feed,5,3.51,nan,0,RightWithPellet,Left,22,18,227,0,nan,nan,0.17
4/24/2022 7:07:31,1.12.0,Free_feed,5,3.53,1,0,Pellet,Left,22,18,228,0,Timed_out,11885,nan
4/24/2022 7:07:31,1.12.0,Free_feed,5,3.52,1,0,Pellet,Left,22,18,229,0,0.13,1,nan
4/24/2022 7:07:52,1.12.0,Free_feed,5,3.51,2,0,Pellet,Left,22,18,230,0,11.40,21,nan
4/24/2022 7:08:02,1.12.0,Free_feed,5,3.51,1,0,Pellet,Left,22,18,231,0,4.09,10,nan
4/24/2022 7:08:16,1.12.0,Free_feed,5,3.51,1,0,Pellet,Left,22,18,232,0,12.63,14,nan
4/24/2022 7:08:31,1.12.0,Free_feed,5,3.52,2,0,Pellet,Left,22,18,233,0,5.93,15,nan
4/24/2022 7:08:47,1.12.0,Free_feed,5,3.51,1,0,Pellet,Left,22,18,234,0,8.46,16,nan
4/24/2022 7:09:00,1.12.0,Free_feed,5,3.51,1,0,Pellet,Left,22,18,235,0,6.41,13,nan
4/24/2022 7:09:01,1.12.0,Free_feed,5,3.51,1,0,Pellet,Left,22,18,236,0,0.06,1,nan
4/24/2022 7:09:14,1.12.0,Free_feed,5,3.52,3,0,Pellet,Left,22,18,237,0,2.45,13,nan
4/24/2022 7:09:29,1.12.0,Free_feed,5,3.51,1,0,Pellet,Left,22,18,238,0,8.39,15,nan
4/24/2022 7:09:42,1.12.0,Free_feed,5,3.51,1,0,Pellet,Left,22,18,239,0,6.48,13,nan
4/24/2022 7:09:56,1.12.0,Free_feed,5,3.51,2,0,Pellet,Left,22,18,240,0,5.45,14,nan
4/24/2022 7:10:09,1.12.0,Free_feed,5,3.49,3,0,Pellet,Left,22,18,241,0,4.09,13,nan
4/24/2022 7:14:08,1.12.0,Free_feed,5,3.52,nan,0,RightWithPellet,Left,22,19,241,0,nan,nan,0.89
4/24/2022 7:14:12,1.12.0,Free_feed,5,3.53,nan,0,LeftWithPellet,Left,23,19,241,0,nan,nan,0.75
4/24/2022 7:16:19,1.12.0,Free_feed,5,3.52,2,0,Pellet,Left,23,19,242,0,Timed_out,370,nan
4/24/2022 7:16:27,1.12.0,Free_feed,5,3.52,2,0,Pellet,Left,23,19,243,0,1.22,8,nan
4/24/2022 7:16:38,1.12.0,Free_feed,5,3.52,2,0,Pellet,Left,23,19,244,0,4.91,11,nan
4/24/2022 7:16:53,1.12.0,Free_feed,5,3.50,2,0,Pellet,Left,23,19,245,0,5.45,15,nan
4/24/2022 7:17:13,1.12.0,Free_feed,5,3.51,1,0,Pellet,Left,23,19,246,0,14.00,20,nan
4/24/2022 7:17:22,1.12.0,Free_feed,5,3.53,1,0,Pellet,Left,23,19,247,0,1.76,9,nan
4/24/2022 7:17:34,1.12.0,Free_feed,5,3.52,2,0,Pellet,Left,23,19,248,0,2.99,12,nan
4/24/2022 7:17:48,1.12.0,Free_feed,5,3.52,1,0,Pellet,Left,23,19,249,0,12.63,14,nan
4/24/2022 7:21:21,1.12.0,Free_feed,5,3.51,nan,0,RightWithPellet,Left,23,20,249,0,nan,nan,0.52
4/24/2022 7:21:24,1.12.0,Free_feed,5,3.50,nan,0,RightWithPellet,Left,23,21,249,0,nan,nan,0.51
4/24/2022 7:25:55,1.12.0,Free_feed,5,3.51,nan,0,LeftWithPellet,Left,24,21,249,0,nan,nan,0.13
4/24/2022 7:26:52,1.12.0,Free_feed,5,3.53,1,0,Pellet,Left,24,21,250,0,Timed_out,544,nan
4/24/2022 7:27:09,1.12.0,Free_feed,5,3.52,3,0,Pellet,Left,24,21,251,0,6.75,17,nan
4/24/2022 7:27:17,1.12.0,Free_feed,5,3.52,1,0,Pellet,Left,24,21,252,0,0.95,8,nan
4/24/2022 7:27:30,1.12.0,Free_feed,5,3.52,2,0,Pellet,Left,24,21,253,0,3.41,13,nan
4/24/2022 7:28:02,1.12.0,Free_feed,5,3.51,nan,0,RightWithPellet,Left,24,22,253,0,nan,nan,0.54
4/24/2022 7:33:39,1.12.0,Free_feed,5,3.53,1,0,Pellet,Left,24,22,254,0,Timed_out,369,nan
4/24/2022 7:33:46,1.12.0,Free_feed,5,3.52,2,0,Pellet,Left,24,22,255,0,0.40,7,nan
4/24/2022 7:33:59,1.12.0,Free_feed,5,3.52,1,0,Pellet,Left,24,22,256,0,6.28,13,nan
4/24/2022 7:34:12,1.12.0,Free_feed,5,3.52,2,0,Pellet,Left,24,22,257,0,4.36,13,nan
4/24/2022 7:34:25,1.12.0,Free_feed,5,3.52,1,0,Pellet,Left,24,22,258,0,6.96,13,nan
4/24/2022 7:34:36,1.12.0,Free_feed,5,3.50,1,0,Pellet,Left,24,22,259,0,3.34,11,nan
4/24/2022 7:34:49,1.12.0,Free_feed,5,3.53,2,0,Pellet,Left,24,22,260,0,4.50,13,nan
4/24/2022 7:35:00,1.12.0,Free_feed,5,3.52,1,0,Pellet,Left,24,22,261,0,4.22,11,nan
4/24/2022 8:36:55,1.12.0,Free_feed,5,3.53,1,0,Pellet,Left,24,22,262,0,Timed_out,3715,nan
4/24/2022 8:37:19,1.12.0,Free_feed,5,3.52,2,0,Pellet,Left,24,22,263,0,15.03,24,nan
4/24/2022 8:37:35,1.12.0,Free_feed,5,3.53,2,0,Pellet,Left,24,22,264,0,7.30,16,nan
4/24/2022 8:37:53,1.12.0,Free_feed,5,3.53,2,0,Pellet,Left,24,22,265,0,9.28,18,nan
4/24/2022 8:38:09,1.12.0,Free_feed,5,3.52,1,0,Pellet,Left,24,22,266,0,8.81,16,nan
4/24/2022 9:23:18,1.12.0,Free_feed,5,3.51,1,0,Pellet,Left,24,22,267,0,Timed_out,2709,nan
4/24/2022 9:23:19,1.12.0,Free_feed,5,3.51,1,0,Pellet,Left,24,22,268,0,0.06,1,nan
4/24/2022 9:23:34,1.12.0,Free_feed,5,3.51,1,0,Pellet,Left,24,22,269,0,8.12,15,nan
4/24/2022 9:23:46,1.12.0,Free_feed,5,3.51,1,0,Pellet,Left,24,22,270,0,5.39,12,nan
4/24/2022 9:24:05,1.12.0,Free_feed,5,3.49,2,0,Pellet,Left,24,22,271,0,10.44,19,nan
4/24/2022 9:45:59,1.12.0,Free_feed,5,3.53,nan,0,RightWithPellet,Left,24,23,271,0,nan,nan,0.37
4/24/2022 11:07:31,1.12.0,Free_feed,5,3.50,1,0,Pellet,Left,24,23,272,0,Timed_out,6206,nan
4/24/2022 11:07:43,1.12.0,Free_feed,5,3.51,2,0,Pellet,Left,24,23,273,0,2.45,12,nan
4/24/2022 11:07:54,1.12.0,Free_feed,5,3.52,1,0,Pellet,Left,24,23,274,0,5.25,11,nan
4/24/2022 11:08:08,1.12.0,Free_feed,5,3.49,1,0,Pellet,Left,24,23,275,0,6.68,14,nan
4/24/2022 11:08:21,1.12.0,Free_feed,5,3.50,1,0,Pellet,Left,24,23,276,0,6.54,13,nan
4/24/2022 11:08:23,1.12.0,Free_feed,5,3.50,1,0,Pellet,Left,24,23,277,0,1.42,2,nan
4/24/2022 11:08:33,1.12.0,Free_feed,5,3.50,2,0,Pellet,Left,24,23,278,0,1.49,10,nan
4/24/2022 11:08:46,1.12.0,Free_feed,5,3.51,1,0,Pellet,Left,24,23,279,0,6.41,13,nan
4/24/2022 11:09:56,1.12.0,Free_feed,5,3.51,1,0,Pellet,Left,24,23,280,0,Timed_out,70,nan
4/24/2022 12:45:26,1.12.0,Free_feed,5,3.53,1,0,Pellet,Left,24,23,281,0,Timed_out,5730,nan
4/24/2022 12:45:37,1.12.0,Free_feed,5,3.52,2,0,Pellet,Left,24,23,282,0,2.58,11,nan
4/24/2022 15:09:40,1.12.0,Free_feed,5,3.49,3,0,Pellet,Left,24,23,283,0,Timed_out,8643,nan
4/24/2022 15:09:51,1.12.0,Free_feed,5,3.51,2,0,Pellet,Left,24,23,284,0,9.83,11,nan
4/24/2022 15:10:07,1.12.0,Free_feed,5,3.50,3,0,Pellet,Left,24,23,285,0,4.70,16,nan
4/24/2022 15:10:18,1.12.0,Free_feed,5,3.49,1,0,Pellet,Left,24,23,286,0,4.09,11,nan
4/24/2022 15:10:34,1.12.0,Free_feed,5,3.50,2,0,Pellet,Left,24,23,287,0,6.96,16,nan
4/24/2022 15:10:44,1.12.0,Free_feed,5,3.49,1,0,Pellet,Left,24,23,288,0,2.99,10,nan
4/24/2022 15:11:00,1.12.0,Free_feed,5,3.50,2,0,Pellet,Left,24,23,289,0,7.09,16,nan
4/24/2022 15:11:16,1.12.0,Free_feed,5,3.49,1,0,Pellet,Left,24,23,290,0,8.66,16,nan
4/24/2022 15:11:34,1.12.0,Free_feed,5,3.52,1,0,Pellet,Left,24,23,291,0,11.33,18,nan
4/24/2022 15:11:41,1.12.0,Free_feed,5,3.49,1,0,Pellet,Left,24,23,292,0,0.81,7,nan
4/24/2022 15:11:53,1.12.0,Free_feed,5,3.50,2,0,Pellet,Left,24,23,293,0,3.95,12,nan
4/24/2022 15:12:13,1.12.0,Free_feed,5,3.49,1,0,Pellet,Left,24,23,294,0,12.63,20,nan
4/24/2022 15:12:21,1.12.0,Free_feed,5,3.50,2,0,Pellet,Left,24,23,295,0,1.70,8,nan
4/24/2022 15:12:31,1.12.0,Free_feed,5,3.50,1,0,Pellet,Left,24,23,296,0,3.68,10,nan
4/24/2022 16:38:29,1.12.0,Free_feed,5,3.49,1,0,Pellet,Left,24,23,297,0,Timed_out,5158,nan
4/24/2022 16:39:28,1.12.0,Free_feed,5,3.49,2,0,Pellet,Left,24,23,298,0,50.88,59,nan
4/24/2022 16:39:46,1.12.0,Free_feed,5,3.49,1,0,Pellet,Left,24,23,299,0,10.17,18,nan
4/24/2022 16:39:59,1.12.0,Free_feed,5,3.49,3,0,Pellet,Left,24,23,300,0,2.79,13,nan
4/24/2022 16:40:13,1.12.0,Free_feed,5,3.49,3,0,Pellet,Left,24,23,301,0,2.72,14,nan
4/24/2022 16:40:14,1.12.0,Free_feed,5,3.49,1,0,Pellet,Left,24,23,302,0,0.06,1,nan
4/24/2022 18:36:43,1.12.0,Free_feed,5,3.49,2,0,Pellet,Left,24,23,303,0,Timed_out,6989,nan
4/24/2022 18:36:59,1.12.0,Free_feed,5,3.49,2,0,Pellet,Left,24,23,304,0,8.60,16,nan
4/24/2022 18:37:23,1.12.0,Free_feed,5,3.49,6,0,Pellet,Left,24,23,305,0,6.89,24,nan
4/24/2022 18:37:36,1.12.0,Free_feed,5,3.49,3,0,Pellet,Left,24,23,306,0,4.02,13,nan
4/24/2022 19:16:23,1.12.0,Free_feed,5,3.49,nan,0,LeftWithPellet,Left,25,23,306,0,nan,nan,0.05
4/24/2022 19:20:03,1.12.0,Free_feed,5,3.49,nan,0,LeftWithPellet,Left,26,23,306,0,nan,nan,0.12
4/24/2022 19:20:04,1.12.0,Free_feed,5,3.49,1,0,Pellet,Left,26,23,307,0,Timed_out,2548,nan
4/24/2022 19:20:17,1.12.0,Free_feed,5,3.49,1,0,Pellet,Left,26,23,308,0,5.52,13,nan
4/24/2022 19:20:26,1.12.0,Free_feed,5,3.49,1,0,Pellet,Left,26,23,309,0,2.38,9,nan
4/24/2022 19:20:43,1.12.0,Free_feed,5,3.49,1,0,Pellet,Left,26,23,310,0,10.44,17,nan
4/24/2022 19:20:56,1.12.0,Free_feed,5,3.49,2,0,Pellet,Left,26,23,311,0,5.31,13,nan
4/24/2022 19:22:28,1.12.0,Free_feed,5,3.49,nan,0,LeftWithPellet,Left,27,23,311,0,nan,nan,0.19
4/24/2022 19:22:52,1.12.0,Free_feed,5,3.49,nan,0,RightWithPellet,Left,27,24,311,0,nan,nan,0.07
4/24/2022 19:22:55,1.12.0,Free_feed,5,3.49,nan,0,RightWithPellet,Left,27,25,311,0,nan,nan,0.16
4/24/2022 19:22:57,1.12.0,Free_feed,5,3.48,nan,0,RightWithPellet,Left,27,26,311,0,nan,nan,0.16
4/24/2022 19:22:58,1.12.0,Free_feed,5,3.49,nan,0,RightWithPellet,Left,27,27,311,0,nan,nan,0.19
4/24/2022 19:31:30,1.12.0,Free_feed,5,3.49,2,0,Pellet,Left,27,27,312,0,Timed_out,634,nan
4/24/2022 19:31:45,1.12.0,Free_feed,5,3.49,1,0,Pellet,Left,27,27,313,0,8.11,15,nan
4/24/2022 19:32:05,1.12.0,Free_feed,5,3.49,1,0,Pellet,Left,27,27,314,0,12.69,20,nan
4/24/2022 20:15:41,1.12.0,Free_feed,5,3.49,1,0,Pellet,Left,27,27,315,0,Timed_out,2616,nan
4/24/2022 20:15:50,1.12.0,Free_feed,5,3.48,2,0,Pellet,Left,27,27,316,0,1.36,9,nan
4/24/2022 20:15:58,1.12.0,Free_feed,5,3.49,2,0,Pellet,Left,27,27,317,0,1.36,8,nan
4/24/2022 20:16:11,1.12.0,Free_feed,5,3.49,3,0,Pellet,Left,27,27,318,0,2.24,13,nan
4/24/2022 20:16:18,1.12.0,Free_feed,5,3.49,1,0,Pellet,Left,27,27,319,0,1.22,7,nan
4/24/2022 20:46:59,1.12.0,Free_feed,5,3.49,1,0,Pellet,Left,27,27,320,0,Timed_out,1841,nan
4/24/2022 20:47:07,1.12.0,Free_feed,5,3.49,2,0,Pellet,Left,27,27,321,0,1.22,8,nan
4/24/2022 20:47:20,1.12.0,Free_feed,5,3.48,4,0,Pellet,Left,27,27,322,0,1.56,13,nan
4/24/2022 20:47:31,1.12.0,Free_feed,5,3.49,3,0,Pellet,Left,27,27,323,0,2.38,11,nan
4/24/2022 20:47:38,1.12.0,Free_feed,5,3.49,2,0,Pellet,Left,27,27,324,0,0.34,7,nan
4/24/2022 20:47:55,1.12.0,Free_feed,5,3.49,3,0,Pellet,Left,27,27,325,0,6.27,17,nan
4/24/2022 20:48:05,1.12.0,Free_feed,5,3.49,1,0,Pellet,Left,27,27,326,0,3.88,10,nan
4/24/2022 20:48:16,1.12.0,Free_feed,5,3.49,2,0,Pellet,Left,27,27,327,0,1.22,11,nan
4/24/2022 20:48:25,1.12.0,Free_feed,5,3.49,1,0,Pellet,Left,27,27,328,0,2.38,9,nan
4/24/2022 21:09:15,1.12.0,Free_feed,5,3.49,1,0,Pellet,Left,27,27,329,0,Timed_out,1250,nan
4/24/2022 21:11:32,1.12.0,Free_feed,5,3.49,1,0,Pellet,Left,27,27,330,0,Timed_out,137,nan
4/24/2022 21:14:33,1.12.0,Free_feed,5,3.49,3,0,Pellet,Left,27,27,331,0,Timed_out,181,nan
4/24/2022 21:14:44,1.12.0,Free_feed,5,3.49,3,0,Pellet,Left,27,27,332,0,0.54,11,nan
4/24/2022 21:14:45,1.12.0,Free_feed,5,3.48,1,0,Pellet,Left,27,27,333,0,0.27,1,nan
4/24/2022 21:14:54,1.12.0,Free_feed,5,3.48,2,0,Pellet,Left,27,27,334,0,0.47,9,nan
4/24/2022 21:25:52,1.12.0,Free_feed,5,3.49,2,0,Pellet,Left,27,27,335,0,Timed_out,658,nan
4/24/2022 21:26:04,1.12.0,Free_feed,5,3.48,1,0,Pellet,Left,27,27,336,0,5.87,12,nan
4/24/2022 21:34:48,1.12.0,Free_feed,5,3.48,nan,0,RightWithPellet,Left,27,28,336,0,nan,nan,0.18
4/24/2022 21:41:49,1.12.0,Free_feed,5,3.49,1,0,Pellet,Left,27,28,337,0,Timed_out,945,nan
4/24/2022 21:41:58,1.12.0,Free_feed,5,3.49,1,0,Pellet,Left,27,28,338,0,2.45,9,nan
4/24/2022 21:42:08,1.12.0,Free_feed,5,3.49,1,0,Pellet,Left,27,28,339,0,3.34,10,nan
4/24/2022 21:42:18,1.12.0,Free_feed,5,3.48,1,0,Pellet,Left,27,28,340,0,3.40,10,nan
4/24/2022 21:42:27,1.12.0,Free_feed,5,3.49,5,0,Pellet,Left,27,28,341,0,0.68,9,nan
4/24/2022 21:42:39,1.12.0,Free_feed,5,3.48,2,0,Pellet,Left,27,28,342,0,5.72,12,nan
4/24/2022 21:42:48,1.12.0,Free_feed,5,3.48,2,0,Pellet,Left,27,28,343,0,1.15,9,nan
4/24/2022 21:42:59,1.12.0,Free_feed,5,3.48,2,0,Pellet,Left,27,28,344,0,3.75,11,nan
4/24/2022 21:43:13,1.12.0,Free_feed,5,3.48,3,0,Pellet,Left,27,28,345,0,5.32,14,nan
4/24/2022 21:43:40,1.12.0,Free_feed,5,3.48,1,0,Pellet,Left,27,28,346,0,20.02,27,nan
4/24/2022 21:43:47,1.12.0,Free_feed,5,3.48,2,0,Pellet,Left,27,28,347,0,0.06,7,nan
4/24/2022 21:44:14,1.12.0,Free_feed,5,3.49,3,0,Pellet,Left,27,28,348,0,17.90,27,nan
4/24/2022 22:05:19,1.12.0,Free_feed,5,3.48,nan,0,LeftWithPellet,Left,28,28,348,0,nan,nan,0.33
4/24/2022 22:05:53,1.12.0,Free_feed,5,3.48,nan,0,RightWithPellet,Left,28,29,348,0,nan,nan,0.02
4/24/2022 22:06:31,1.12.0,Free_feed,5,3.48,2,0,Pellet,Left,28,29,349,0,Timed_out,1337,nan
4/24/2022 22:06:40,1.12.0,Free_feed,5,3.49,2,0,Pellet,Left,28,29,350,0,1.70,9,nan
4/24/2022 22:06:48,1.12.0,Free_feed,5,3.49,1,0,Pellet,Left,28,29,351,0,6.89,8,nan
4/24/2022 22:07:06,1.12.0,Free_feed,5,3.49,1,0,Pellet,Left,28,29,352,0,11.13,18,nan
4/24/2022 22:07:15,1.12.0,Free_feed,5,3.48,1,0,Pellet,Left,28,29,353,0,2.59,9,nan
4/24/2022 22:07:25,1.12.0,Free_feed,5,3.48,2,0,Pellet,Left,28,29,354,0,0.68,10,nan
4/24/2022 22:07:38,1.12.0,Free_feed,5,3.48,1,0,Pellet,Left,28,29,355,0,5.93,13,nan
4/24/2022 22:20:03,1.12.0,Free_feed,5,3.48,1,0,Pellet,Left,28,29,356,0,Timed_out,745,nan
4/24/2022 22:20:06,1.12.0,Free_feed,5,3.48,1,0,Pellet,Left,28,29,357,0,1.84,3,nan
4/24/2022 22:20:07,1.12.0,Free_feed,5,3.48,1,0,Pellet,Left,28,29,358,0,0.06,1,nan
4/24/2022 22:20:18,1.12.0,Free_feed,5,3.47,1,0,Pellet,Left,28,29,359,0,4.29,11,nan
4/24/2022 22:20:27,1.12.0,Free_feed,5,3.48,3,0,Pellet,Left,28,29,360,0,3.13,9,nan
4/24/2022 22:20:36,1.12.0,Free_feed,5,3.48,1,0,Pellet,Left,28,29,361,0,2.04,9,nan
4/24/2022 22:20:46,1.12.0,Free_feed,5,3.48,1,0,Pellet,Left,28,29,362,0,3.27,10,nan
4/24/2022 22:20:47,1.12.0,Free_feed,5,3.47,1,0,Pellet,Left,28,29,363,0,0.06,1,nan
4/24/2022 22:20:55,1.12.0,Free_feed,5,3.49,1,0,Pellet,Left,28,29,364,0,1.77,8,nan
4/24/2022 22:21:08,1.12.0,Free_feed,5,3.49,1,0,Pellet,Left,28,29,365,0,6.00,13,nan
4/24/2022 22:21:19,1.12.0,Free_feed,5,3.48,1,0,Pellet,Left,28,29,366,0,3.88,11,nan
4/24/2022 22:21:47,1.12.0,Free_feed,5,3.48,1,0,Pellet,Left,28,29,367,0,21.20,28,nan
4/24/2022 22:22:38,1.12.0,Free_feed,5,3.48,nan,0,LeftWithPellet,Left,29,29,367,0,nan,nan,0.19
4/24/2022 22:22:39,1.12.0,Free_feed,5,3.49,nan,0,LeftWithPellet,Left,30,29,367,0,nan,nan,0.18
4/24/2022 22:22:40,1.12.0,Free_feed,5,3.48,nan,0,LeftWithPellet,Left,31,29,367,0,nan,nan,0.56
4/24/2022 22:22:40,1.12.0,Free_feed,5,3.48,nan,0,LeftWithPellet,Left,32,29,367,0,nan,nan,0.11
4/24/2022 22:22:41,1.12.0,Free_feed,5,3.48,nan,0,LeftWithPellet,Left,33,29,367,0,nan,nan,0.70
4/24/2022 22:22:42,1.12.0,Free_feed,5,3.48,nan,0,LeftWithPellet,Left,34,29,367,0,nan,nan,0.22
4/24/2022 22:39:40,1.12.0,Free_feed,5,3.48,1,0,Pellet,Left,34,29,368,0,Timed_out,1073,nan
4/24/2022 22:41:06,1.12.0,Free_feed,5,3.48,1,0,Pellet,Left,34,29,369,0,Timed_out,86,nan
4/24/2022 22:49:28,1.12.0,Free_feed,5,3.48,1,0,Pellet,Left,34,29,370,0,Timed_out,502,nan
4/24/2022 22:49:39,1.12.0,Free_feed,5,3.48,1,0,Pellet,Left,34,29,371,0,3.88,11,nan
4/24/2022 22:49:51,1.12.0,Free_feed,5,3.48,2,0,Pellet,Left,34,29,372,0,6.13,12,nan
4/24/2022 22:49:59,1.12.0,Free_feed,5,3.48,1,0,Pellet,Left,34,29,373,0,1.49,8,nan
4/24/2022 22:50:10,1.12.0,Free_feed,5,3.48,1,0,Pellet,Left,34,29,374,0,3.75,11,nan
4/24/2022 22:50:22,1.12.0,Free_feed,5,3.48,1,0,Pellet,Left,34,29,375,0,5.80,12,nan
4/24/2022 22:50:32,1.12.0,Free_feed,5,3.48,3,0,Pellet,Left,34,29,376,0,0.40,10,nan
4/24/2022 22:50:41,1.12.0,Free_feed,5,3.48,2,0,Pellet,Left,34,29,377,0,0.40,9,nan
4/24/2022 22:50:50,1.12.0,Free_feed,5,3.48,1,0,Pellet,Left,34,29,378,0,2.04,9,nan
4/24/2022 22:51:05,1.12.0,Free_feed,5,3.48,2,0,Pellet,Left,34,29,379,0,7.51,15,nan
4/24/2022 22:51:16,1.12.0,Free_feed,5,3.48,1,0,Pellet,Left,34,29,380,0,5.11,11,nan
4/24/2022 22:51:32,1.12.0,Free_feed,5,3.47,1,0,Pellet,Left,34,29,381,0,8.80,16,nan
4/24/2022 22:51:42,1.12.0,Free_feed,5,3.48,1,0,Pellet,Left,34,29,382,0,3.34,10,nan
4/24/2022 23:01:12,1.12.0,Free_feed,5,3.48,3,0,Pellet,Left,34,29,383,0,Timed_out,570,nan
4/24/2022 23:01:24,1.12.0,Free_feed,5,3.47,1,0,Pellet,Left,34,29,384,0,4.84,12,nan
4/24/2022 23:01:25,1.12.0,Free_feed,5,3.48,1,0,Pellet,Left,34,29,385,0,0.47,1,nan
4/24/2022 23:01:34,1.12.0,Free_feed,5,3.48,1,0,Pellet,Left,34,29,386,0,2.18,9,nan
4/24/2022 23:01:45,1.12.0,Free_feed,5,3.48,1,0,Pellet,Left,34,29,387,0,4.22,11,nan
4/24/2022 23:01:57,1.12.0,Free_feed,5,3.49,1,0,Pellet,Left,34,29,388,0,5.11,12,nan
4/24/2022 23:02:07,1.12.0,Free_feed,5,3.48,1,0,Pellet,Left,34,29,389,0,3.06,10,nan
4/25/2022 0:23:34,1.12.0,Free_feed,5,3.48,2,0,Pellet,Left,34,29,390,0,Timed_out,4887,nan
4/25/2022 0:23:44,1.12.0,Free_feed,5,3.49,1,0,Pellet,Left,34,29,391,0,3.88,10,nan
4/25/2022 0:23:57,1.12.0,Free_feed,5,3.48,1,0,Pellet,Left,34,29,392,0,5.32,13,nan
4/25/2022 0:24:07,1.12.0,Free_feed,5,3.48,1,0,Pellet,Left,34,29,393,0,4.02,10,nan
4/25/2022 0:24:22,1.12.0,Free_feed,5,3.49,1,0,Pellet,Left,34,29,394,0,7.44,15,nan
4/25/2022 0:24:33,1.12.0,Free_feed,5,3.48,1,0,Pellet,Left,34,29,395,0,5.32,11,nan
4/25/2022 0:24:46,1.12.0,Free_feed,5,3.48,3,0,Pellet,Left,34,29,396,0,1.97,13,nan
4/25/2022 0:25:02,1.12.0,Free_feed,5,3.48,1,0,Pellet,Left,34,29,397,0,8.67,16,nan
4/25/2022 0:46:54,1.12.0,Free_feed,5,3.48,nan,0,RightWithPellet,Left,34,30,397,0,nan,nan,0.40
4/25/2022 0:47:03,1.12.0,Free_feed,5,3.49,nan,0,RightWithPellet,Left,34,31,397,0,nan,nan,0.07
4/25/2022 0:47:07,1.12.0,Free_feed,5,3.49,nan,0,RightWithPellet,Left,34,32,397,0,nan,nan,0.04
4/25/2022 0:52:53,1.12.0,Free_feed,5,3.47,2,0,Pellet,Left,34,32,398,0,Timed_out,1671,nan
4/25/2022 0:53:02,1.12.0,Free_feed,5,3.48,2,0,Pellet,Left,34,32,399,0,2.65,9,nan
4/25/2022 0:53:10,1.12.0,Free_feed,5,3.47,1,0,Pellet,Left,34,32,400,0,1.97,8,nan
4/25/2022 0:53:22,1.12.0,Free_feed,5,3.48,4,0,Pellet,Left,34,32,401,0,0.20,12,nan
4/25/2022 0:53:30,1.12.0,Free_feed,5,3.48,2,0,Pellet,Left,34,32,402,0,0.68,8,nan
4/25/2022 0:53:40,1.12.0,Free_feed,5,3.48,2,0,Pellet,Left,34,32,403,0,2.79,10,nan
4/25/2022 0:53:50,1.12.0,Free_feed,5,3.48,2,0,Pellet,Left,34,32,404,0,2.52,10,nan
4/25/2022 0:53:59,1.12.0,Free_feed,5,3.49,2,0,Pellet,Left,34,32,405,0,2.93,9,nan
4/25/2022 0:54:10,1.12.0,Free_feed,5,3.48,1,0,Pellet,Left,34,32,406,0,3.34,11,nan
4/25/2022 0:54:23,1.12.0,Free_feed,5,3.48,1,0,Pellet,Left,34,32,407,0,6.48,13,nan
4/25/2022 0:54:31,1.12.0,Free_feed,5,3.48,2,0,Pellet,Left,34,32,408,0,0.06,8,nan
4/25/2022 0:54:41,1.12.0,Free_feed,5,3.48,1,0,Pellet,Left,34,32,409,0,3.20,10,nan
4/25/2022 0:54:53,1.12.0,Free_feed,5,3.48,1,0,Pellet,Left,34,32,410,0,4.16,12,nan
4/25/2022 0:55:04,1.12.0,Free_feed,5,3.48,1,0,Pellet,Left,34,32,411,0,4.63,11,nan
4/25/2022 0:55:15,1.12.0,Free_feed,5,3.49,1,0,Pellet,Left,34,32,412,0,4.77,11,nan
4/25/2022 0:55:25,1.12.0,Free_feed,5,3.48,1,0,Pellet,Left,34,32,413,0,4.09,10,nan
4/25/2022 0:56:45,1.12.0,Free_feed,5,3.48,nan,0,LeftWithPellet,Left,35,32,413,0,nan,nan,0.09
4/25/2022 0:56:46,1.12.0,Free_feed,5,3.49,nan,0,LeftWithPellet,Left,36,32,413,0,nan,nan,0.23
4/25/2022 1:27:22,1.12.0,Free_feed,5,3.48,nan,0,LeftWithPellet,Left,37,32,413,0,nan,nan,0.05
4/25/2022 1:27:43,1.12.0,Free_feed,5,3.48,nan,0,RightWithPellet,Left,37,33,413,0,nan,nan,0.07
4/25/2022 1:28:10,1.12.0,Free_feed,5,3.48,1,0,Pellet,Left,37,33,414,0,Timed_out,1965,nan
4/25/2022 1:33:34,1.12.0,Free_feed,5,3.48,1,0,Pellet,Left,37,33,415,0,Timed_out,324,nan
4/25/2022 1:33:43,1.12.0,Free_feed,5,3.48,1,0,Pellet,Left,37,33,416,0,2.04,8,nan
4/25/2022 1:33:52,1.12.0,Free_feed,5,3.49,2,0,Pellet,Left,37,33,417,0,0.68,10,nan
4/25/2022 1:34:02,1.12.0,Free_feed,5,3.47,1,0,Pellet,Left,37,33,418,0,3.20,10,nan
4/25/2022 1:34:10,1.12.0,Free_feed,5,3.48,1,0,Pellet,Left,37,33,419,0,1.56,8,nan
4/25/2022 1:34:22,1.12.0,Free_feed,5,3.48,1,0,Pellet,Left,37,33,420,0,5.45,12,nan
4/25/2022 1:34:31,1.12.0,Free_feed,5,3.49,1,0,Pellet,Left,37,33,421,0,2.86,9,nan
4/25/2022 1:34:40,1.12.0,Free_feed,5,3.48,1,0,Pellet,Left,37,33,422,0,1.22,9,nan
4/25/2022 1:34:51,1.12.0,Free_feed,5,3.48,3,0,Pellet,Left,37,33,423,0,0.61,11,nan
4/25/2022 1:34:59,1.12.0,Free_feed,5,3.49,1,0,Pellet,Left,37,33,424,0,1.63,8,nan
4/25/2022 1:35:12,1.12.0,Free_feed,5,3.48,1,0,Pellet,Left,37,33,425,0,11.88,13,nan
4/25/2022 1:35:23,1.12.0,Free_feed,5,3.48,2,0,Pellet,Left,37,33,426,0,2.65,11,nan
4/25/2022 1:35:32,1.12.0,Free_feed,5,3.48,2,0,Pellet,Left,37,33,427,0,0.47,9,nan
4/25/2022 1:58:27,1.12.0,Free_feed,5,3.48,nan,0,LeftWithPellet,Left,38,33,427,0,nan,nan,0.35
4/25/2022 2:01:59,1.12.0,Free_feed,5,3.48,1,0,Pellet,Left,38,33,428,0,Timed_out,1587,nan
4/25/2022 2:02:10,1.12.0,Free_feed,5,3.47,3,0,Pellet,Left,38,33,429,0,0.40,11,nan
4/25/2022 2:02:19,1.12.0,Free_feed,5,3.48,1,0,Pellet,Left,38,33,430,0,2.65,9,nan
4/25/2022 2:02:30,1.12.0,Free_feed,5,3.48,1,0,Pellet,Left,38,33,431,0,4.91,11,nan
4/25/2022 2:02:50,1.12.0,Free_feed,5,3.49,nan,0,LeftWithPellet,Left,39,33,431,0,nan,nan,0.15
4/25/2022 2:10:47,1.12.0,Free_feed,5,3.48,nan,0,RightWithPellet,Left,39,34,431,0,nan,nan,0.11
4/25/2022 2:15:11,1.12.0,Free_feed,5,3.48,nan,0,RightWithPellet,Left,39,35,431,0,nan,nan,1.15
4/25/2022 2:15:11,1.12.0,Free_feed,5,3.47,nan,0,RightWithPellet,Left,39,36,431,0,nan,nan,0.03
4/25/2022 2:15:12,1.12.0,Free_feed,5,3.48,nan,0,RightWithPellet,Left,39,37,431,0,nan,nan,0.28
4/25/2022 2:15:17,1.12.0,Free_feed,5,3.48,nan,0,RightWithPellet,Left,39,38,431,0,nan,nan,0.62
4/25/2022 2:15:39,1.12.0,Free_feed,5,3.47,nan,0,RightWithPellet,Left,39,39,431,0,nan,nan,0.21
4/25/2022 2:15:54,1.12.0,Free_feed,5,3.48,nan,0,LeftWithPellet,Left,40,39,431,0,nan,nan,0.58
4/25/2022 2:16:11,1.12.0,Free_feed,5,3.48,nan,0,RightWithPellet,Left,40,40,431,0,nan,nan,0.03
4/25/2022 2:16:35,1.12.0,Free_feed,5,3.48,nan,0,LeftWithPellet,Left,41,40,431,0,nan,nan,0.92
4/25/2022 2:16:53,1.12.0,Free_feed,5,3.48,nan,0,LeftWithPellet,Left,42,40,431,0,nan,nan,0.24
4/25/2022 2:17:57,1.12.0,Free_feed,5,3.48,1,0,Pellet,Left,42,40,432,0,Timed_out,927,nan
4/25/2022 2:18:05,1.12.0,Free_feed,5,3.48,1,0,Pellet,Left,42,40,433,0,1.08,8,nan
4/25/2022 2:18:15,1.12.0,Free_feed,5,3.48,2,0,Pellet,Left,42,40,434,0,1.22,10,nan
4/25/2022 2:18:24,1.12.0,Free_feed,5,3.48,1,0,Pellet,Left,42,40,435,0,2.65,9,nan
4/25/2022 2:18:36,1.12.0,Free_feed,5,3.47,1,0,Pellet,Left,42,40,436,0,4.98,12,nan
4/25/2022 2:18:46,1.12.0,Free_feed,5,3.48,1,0,Pellet,Left,42,40,437,0,3.06,10,nan
4/25/2022 2:18:56,1.12.0,Free_feed,5,3.48,1,0,Pellet,Left,42,40,438,0,3.40,10,nan
4/25/2022 2:19:10,1.12.0,Free_feed,5,3.48,5,0,Pellet,Left,42,40,439,0,0.47,14,nan
4/25/2022 3:39:02,1.12.0,Free_feed,5,3.48,nan,0,RightWithPellet,Left,42,41,439,0,nan,nan,0.92
4/25/2022 3:45:16,1.12.0,Free_feed,5,3.49,nan,0,LeftWithPellet,Left,43,41,439,0,nan,nan,0.27
4/25/2022 3:46:23,1.12.0,Free_feed,5,3.48,2,0,Pellet,Left,43,41,440,0,Timed_out,5233,nan
4/25/2022 3:46:35,1.12.0,Free_feed,5,3.48,2,0,Pellet,Left,43,41,441,0,5.32,12,nan
4/25/2022 3:46:49,1.12.0,Free_feed,5,3.48,1,0,Pellet,Left,43,41,442,0,7.43,14,nan
4/25/2022 3:46:59,1.12.0,Free_feed,5,3.48,1,0,Pellet,Left,43,41,443,0,2.52,10,nan
4/25/2022 3:47:08,1.12.0,Free_feed,5,3.48,2,0,Pellet,Left,43,41,444,0,0.81,9,nan
4/25/2022 3:47:22,1.12.0,Free_feed,5,3.48,1,0,Pellet,Left,43,41,445,0,6.82,14,nan
4/25/2022 3:47:31,1.12.0,Free_feed,5,3.48,1,0,Pellet,Left,43,41,446,0,2.79,9,nan
4/25/2022 3:47:49,1.12.0,Free_feed,5,3.48,nan,0,LeftWithPellet,Left,44,41,446,0,nan,nan,0.16
4/25/2022 3:48:03,1.12.0,Free_feed,5,3.48,nan,0,LeftWithPellet,Left,45,41,446,0,nan,nan,0.76
4/25/2022 3:48:04,1.12.0,Free_feed,5,3.48,nan,0,LeftWithPellet,Left,46,41,446,0,nan,nan,0.03
4/25/2022 3:51:18,1.12.0,Free_feed,5,3.49,nan,0,RightWithPellet,Left,46,42,446,0,nan,nan,1.41
4/25/2022 3:51:34,1.12.0,Free_feed,5,3.48,nan,0,RightWithPellet,Left,46,43,446,0,nan,nan,0.64
4/25/2022 3:51:35,1.12.0,Free_feed,5,3.48,nan,0,RightWithPellet,Left,46,44,446,0,nan,nan,0.01
4/25/2022 3:51:39,1.12.0,Free_feed,5,3.49,nan,0,RightWithPellet,Left,46,45,446,0,nan,nan,0.03
4/25/2022 3:51:39,1.12.0,Free_feed,5,3.48,nan,0,RightWithPellet,Left,46,46,446,0,nan,nan,0.03
4/25/2022 5:02:02,1.12.0,Free_feed,5,3.48,1,0,Pellet,Left,46,46,447,0,Timed_out,4471,nan
4/25/2022 5:02:16,1.12.0,Free_feed,5,3.48,1,0,Pellet,Left,46,46,448,0,6.82,14,nan
4/25/2022 5:02:49,1.12.0,Free_feed,5,3.48,1,0,Pellet,Left,46,46,449,0,26.96,33,nan
4/25/2022 5:12:57,1.12.0,Free_feed,5,3.48,1,0,Pellet,Left,46,46,450,0,Timed_out,608,nan
4/25/2022 5:13:10,1.12.0,Free_feed,5,3.48,3,0,Pellet,Left,46,46,451,0,2.24,13,nan
4/25/2022 5:13:19,1.12.0,Free_feed,5,3.48,1,0,Pellet,Left,46,46,452,0,2.45,9,nan
4/25/2022 5:13:30,1.12.0,Free_feed,5,3.48,2,0,Pellet,Left,46,46,453,0,2.93,11,nan
4/25/2022 5:13:41,1.12.0,Free_feed,5,3.48,1,0,Pellet,Left,46,46,454,0,3.27,11,nan
4/25/2022 5:13:52,1.12.0,Free_feed,5,3.49,1,0,Pellet,Left,46,46,455,0,4.50,11,nan
4/25/2022 5:14:01,1.12.0,Free_feed,5,3.48,2,0,Pellet,Left,46,46,456,0,0.54,9,nan
4/25/2022 5:14:16,1.12.0,Free_feed,5,3.48,1,0,Pellet,Left,46,46,457,0,9.08,15,nan
4/25/2022 6:15:38,1.12.0,Free_feed,5,3.48,nan,0,LeftWithPellet,Left,47,46,457,0,nan,nan,0.03
4/25/2022 6:17:34,1.12.0,Free_feed,5,3.48,1,0,Pellet,Left,47,46,458,0,Timed_out,3798,nan
4/25/2022 6:17:47,1.12.0,Free_feed,5,3.49,1,0,Pellet,Left,47,46,459,0,12.15,13,nan
4/25/2022 6:18:01,1.12.0,Free_feed,5,3.48,1,0,Pellet,Left,47,46,460,0,7.71,14,nan
4/25/2022 6:18:10,1.12.0,Free_feed,5,3.48,1,0,Pellet,Left,47,46,461,0,2.65,9,nan
4/25/2022 6:18:19,1.12.0,Free_feed,5,3.48,1,0,Pellet,Left,47,46,462,0,2.38,9,nan
4/25/2022 6:18:20,1.12.0,Free_feed,5,3.48,1,0,Pellet,Left,47,46,463,0,0.13,1,nan
4/25/2022 6:20:04,1.12.0,Free_feed,5,3.48,nan,0,RightWithPellet,Left,47,47,463,0,nan,nan,0.54
4/25/2022 7:02:01,1.12.0,Free_feed,5,3.49,1,0,Pellet,Left,47,47,464,0,Timed_out,2621,nan
4/25/2022 7:02:13,1.12.0,Free_feed,5,3.48,1,0,Pellet,Left,47,47,465,0,4.77,11,nan
4/25/2022 7:02:25,1.12.0,Free_feed,5,3.48,1,0,Pellet,Left,47,47,466,0,6.28,13,nan
4/25/2022 7:02:37,1.12.0,Free_feed,5,3.48,1,0,Pellet,Left,47,47,467,0,5.66,12,nan
4/25/2022 7:02:50,1.12.0,Free_feed,5,3.49,1,0,Pellet,Left,47,47,468,0,6.34,13,nan
4/25/2022 7:02:57,1.12.0,Free_feed,5,3.48,1,0,Pellet,Left,47,47,469,0,0.61,7,nan
4/25/2022 7:03:14,1.12.0,Free_feed,5,3.48,2,0,Pellet,Left,47,47,470,0,8.60,17,nan
4/25/2022 7:03:27,1.12.0,Free_feed,5,3.48,1,0,Pellet,Left,47,47,471,0,6.14,13,nan
4/25/2022 7:03:40,1.12.0,Free_feed,5,3.48,3,0,Pellet,Left,47,47,472,0,2.11,13,nan
4/25/2022 7:10:15,1.12.0,Free_feed,5,3.48,nan,0,RightWithPellet,Left,47,48,472,0,nan,nan,0.02
4/25/2022 7:14:06,1.12.0,Free_feed,5,3.48,nan,0,LeftWithPellet,Left,48,48,472,0,nan,nan,0.21
4/25/2022 7:22:41,1.12.0,Free_feed,5,3.48,nan,0,LeftWithPellet,Left,49,48,472,0,nan,nan,0.52
4/25/2022 7:23:18,1.12.0,Free_feed,5,3.48,nan,0,RightWithPellet,Left,49,49,472,0,nan,nan,0.67
4/25/2022 7:31:53,1.12.0,Free_feed,5,3.48,2,0,Pellet,Left,49,49,473,0,Timed_out,1693,nan
4/25/2022 7:32:06,1.12.0,Free_feed,5,3.48,1,0,Pellet,Left,49,49,474,0,6.14,13,nan
4/25/2022 7:32:17,1.12.0,Free_feed,5,3.48,1,0,Pellet,Left,49,49,475,0,3.88,11,nan
4/25/2022 7:32:30,1.12.0,Free_feed,5,3.49,1,0,Pellet,Left,49,49,476,0,6.62,13,nan
4/25/2022 7:32:40,1.12.0,Free_feed,5,3.47,1,0,Pellet,Left,49,49,477,0,3.34,10,nan
4/25/2022 7:32:52,1.12.0,Free_feed,5,3.48,3,0,Pellet,Left,49,49,478,0,1.02,12,nan
4/25/2022 7:33:05,1.12.0,Free_feed,5,3.48,1,0,Pellet,Left,49,49,479,0,5.73,13,nan
4/25/2022 7:33:17,1.12.0,Free_feed,5,3.48,1,0,Pellet,Left,49,49,480,0,6.21,12,nan
4/25/2022 7:33:30,1.12.0,Free_feed,5,3.48,1,0,Pellet,Left,49,49,481,0,5.86,13,nan
4/25/2022 7:33:45,1.12.0,Free_feed,5,3.48,1,0,Pellet,Left,49,49,482,0,7.71,14,nan
4/25/2022 7:33:53,1.12.0,Free_feed,5,3.48,2,0,Pellet,Left,49,49,483,0,0.27,9,nan
4/25/2022 9:08:14,1.12.0,Free_feed,5,3.48,2,0,Pellet,Left,49,49,484,0,Timed_out,5661,nan
4/25/2022 9:14:11,1.12.0,Free_feed,5,3.49,1,0,Pellet,Left,49,49,485,0,Timed_out,357,nan
4/25/2022 9:14:19,1.12.0,Free_feed,5,3.48,1,0,Pellet,Left,49,49,486,0,0.81,8,nan
4/25/2022 9:14:28,1.12.0,Free_feed,5,3.48,1,0,Pellet,Left,49,49,487,0,3.20,9,nan
4/25/2022 9:14:42,1.12.0,Free_feed,5,3.48,1,0,Pellet,Left,49,49,488,0,6.89,14,nan
4/25/2022 9:14:50,1.12.0,Free_feed,5,3.48,1,0,Pellet,Left,49,49,489,0,1.29,8,nan
4/25/2022 9:15:04,1.12.0,Free_feed,5,3.47,1,0,Pellet,Left,49,49,490,0,6.41,14,nan
4/25/2022 9:15:14,1.12.0,Free_feed,5,3.48,1,0,Pellet,Left,49,49,491,0,3.40,10,nan
4/25/2022 10:05:56,1.12.0,Free_feed,5,3.50,3,0,Pellet,Left,49,49,492,0,Timed_out,3042,nan
4/25/2022 10:05:57,1.12.0,Free_feed,5,3.50,1,0,Pellet,Left,49,49,493,0,0.06,1,nan
4/25/2022 11:11:28,1.12.0,Free_feed,5,3.56,1,0,Pellet,Left,49,49,494,0,Timed_out,3930,nan
4/25/2022 11:11:39,1.12.0,Free_feed,5,3.56,1,0,Pellet,Left,49,49,495,0,4.49,12,nan
4/25/2022 11:12:08,1.12.0,Free_feed,5,3.56,1,0,Pellet,Left,49,49,496,0,27.14,29,nan
4/25/2022 11:12:14,1.12.0,Free_feed,5,3.56,2,0,Pellet,Left,49,49,497,0,0.27,6,nan
4/25/2022 11:12:27,1.12.0,Free_feed,5,3.56,4,0,Pellet,Left,49,49,498,0,1.77,13,nan
4/25/2022 11:12:35,1.12.0,Free_feed,5,3.56,2,0,Pellet,Left,49,49,499,0,1.29,8,nan
4/25/2022 11:15:16,1.12.0,Free_feed,5,3.56,nan,0,RightWithPellet,Left,49,50,499,0,nan,nan,0.59
4/25/2022 11:15:32,1.12.0,Free_feed,5,3.56,nan,0,LeftWithPellet,Left,50,50,499,0,nan,nan,0.00
4/25/2022 12:28:31,1.12.0,Free_feed,5,3.60,2,0,Pellet,Left,50,50,500,0,Timed_out,4556,nan
4/25/2022 12:28:38,1.12.0,Free_feed,5,3.60,2,0,Pellet,Left,50,50,501,0,0.68,7,nan
4/25/2022 12:28:49,1.12.0,Free_feed,5,3.60,1,0,Pellet,Left,50,50,502,0,5.25,11,nan
4/25/2022 12:29:01,1.12.0,Free_feed,5,3.61,1,0,Pellet,Left,50,50,503,0,4.84,12,nan
4/25/2022 12:29:14,1.12.0,Free_feed,5,3.62,1,0,Pellet,Left,50,50,504,0,6.21,13,nan
4/25/2022 12:29:25,1.12.0,Free_feed,5,3.60,1,0,Pellet,Left,50,50,505,0,4.02,11,nan
4/25/2022 12:29:26,1.12.0,Free_feed,5,3.61,1,0,Pellet,Left,50,50,506,0,0.54,1,nan
4/25/2022 12:29:43,1.12.0,Free_feed,5,3.60,1,0,Pellet,Left,50,50,507,0,9.83,17,nan
4/25/2022 12:29:52,1.12.0,Free_feed,5,3.61,1,0,Pellet,Left,50,50,508,0,1.56,9,nan
4/25/2022 12:30:03,1.12.0,Free_feed,5,3.60,1,0,Pellet,Left,50,50,509,0,5.12,11,nan
4/25/2022 12:35:13,1.12.0,Free_feed,5,3.61,nan,0,LeftWithPellet,Left,51,50,509,0,nan,nan,0.00
4/25/2022 16:45:24,1.12.0,Free_feed,5,3.67,1,0,Pellet,Left,51,50,510,0,Timed_out,15321,nan
4/25/2022 16:45:37,1.12.0,Free_feed,5,3.66,3,0,Pellet,Left,51,50,511,0,2.18,13,nan
4/25/2022 16:45:50,1.12.0,Free_feed,5,3.67,1,0,Pellet,Left,51,50,512,0,5.79,13,nan
4/25/2022 16:46:10,1.12.0,Free_feed,5,3.67,1,0,Pellet,Left,51,50,513,0,19.34,20,nan
4/25/2022 16:47:08,1.12.0,Free_feed,5,3.67,1,0,Pellet,Left,51,50,514,0,51.55,58,nan
4/25/2022 16:47:17,1.12.0,Free_feed,5,3.67,1,0,Pellet,Left,51,50,515,0,1.90,9,nan
4/25/2022 16:47:26,1.12.0,Free_feed,5,3.67,1,0,Pellet,Left,51,50,516,0,2.04,9,nan
4/25/2022 16:47:40,1.12.0,Free_feed,5,3.67,2,0,Pellet,Left,51,50,517,0,7.36,14,nan
4/25/2022 16:47:56,1.12.0,Free_feed,5,3.67,1,0,Pellet,Left,51,50,518,0,9.14,16,nan
4/25/2022 16:48:18,1.12.0,Free_feed,5,3.67,2,0,Pellet,Left,51,50,519,0,15.10,22,nan
4/25/2022 16:48:45,1.12.0,Free_feed,5,3.67,1,0,Pellet,Left,51,50,520,0,20.71,27,nan
4/25/2022 16:48:52,1.12.0,Free_feed,5,3.67,1,0,Pellet,Left,51,50,521,0,0.47,7,nan
4/25/2022 16:49:05,1.12.0,Free_feed,5,3.67,2,0,Pellet,Left,51,50,522,0,4.16,13,nan
4/25/2022 16:49:17,1.12.0,Free_feed,5,3.67,1,0,Pellet,Left,51,50,523,0,5.45,12,nan
4/25/2022 16:49:31,1.12.0,Free_feed,5,3.67,1,0,Pellet,Left,51,50,524,0,7.23,14,nan
4/25/2022 16:49:32,1.12.0,Free_feed,5,3.67,1,0,Pellet,Left,51,50,525,0,0.13,1,nan
4/25/2022 16:49:48,1.12.0,Free_feed,5,3.67,2,0,Pellet,Left,51,50,526,0,6.48,16,nan
4/25/2022 18:52:19,1.12.0,Free_feed,5,3.73,1,0,Pellet,Left,51,50,527,0,Timed_out,7351,nan
4/25/2022 18:52:20,1.12.0,Free_feed,5,3.73,1,0,Pellet,Left,51,50,528,0,0.06,1,nan
4/25/2022 18:52:34,1.12.0,Free_feed,5,3.73,2,0,Pellet,Left,51,50,529,0,10.31,14,nan
4/25/2022 18:52:35,1.12.0,Free_feed,5,3.73,1,0,Pellet,Left,51,50,530,0,0.06,1,nan
4/25/2022 18:52:48,1.12.0,Free_feed,5,3.73,nan,0,RightWithPellet,Left,51,51,530,0,nan,nan,0.16
4/25/2022 18:52:49,1.12.0,Free_feed,5,3.73,nan,0,RightWithPellet,Left,51,52,530,0,nan,nan,0.06
4/25/2022 18:52:50,1.12.0,Free_feed,5,3.73,nan,0,RightWithPellet,Left,51,53,530,0,nan,nan,0.55
4/25/2022 18:52:51,1.12.0,Free_feed,5,3.73,nan,0,RightWithPellet,Left,51,54,530,0,nan,nan,0.11
4/25/2022 18:53:13,1.12.0,Free_feed,5,3.73,2,0,Pellet,Left,51,54,531,0,29.23,38,nan
4/25/2022 18:53:17,1.12.0,Free_feed,5,3.73,1,0,Pellet,Left,51,54,532,0,0.20,4,nan
4/25/2022 18:53:29,1.12.0,Free_feed,5,3.73,1,0,Pellet,Left,51,54,533,0,5.87,12,nan
4/25/2022 18:53:43,1.12.0,Free_feed,5,3.73,1,0,Pellet,Left,51,54,534,0,7.03,14,nan
4/25/2022 18:53:44,1.12.0,Free_feed,5,3.73,1,0,Pellet,Left,51,54,535,0,0.06,1,nan
4/25/2022 18:53:55,1.12.0,Free_feed,5,3.73,1,0,Pellet,Left,51,54,536,0,4.02,11,nan
4/25/2022 18:53:56,1.12.0,Free_feed,5,3.73,1,0,Pellet,Left,51,54,537,0,0.27,1,nan
4/25/2022 18:54:13,1.12.0,Free_feed,5,3.73,1,0,Pellet,Left,51,54,538,0,10.38,17,nan
4/25/2022 18:54:26,1.12.0,Free_feed,5,3.73,2,0,Pellet,Left,51,54,539,0,4.43,13,nan
4/25/2022 19:32:05,1.12.0,Free_feed,5,3.76,1,0,Pellet,Left,51,54,540,0,Timed_out,2259,nan
4/25/2022 19:32:19,1.12.0,Free_feed,5,3.75,1,0,Pellet,Left,51,54,541,0,7.58,14,nan
4/25/2022 19:32:27,1.12.0,Free_feed,5,3.76,1,0,Pellet,Left,51,54,542,0,1.36,8,nan
4/25/2022 19:32:50,1.12.0,Free_feed,5,3.76,4,0,Pellet,Left,51,54,543,0,11.41,23,nan
4/25/2022 19:33:02,1.12.0,Free_feed,5,3.76,2,0,Pellet,Left,51,54,544,0,5.32,12,nan
4/25/2022 20:09:12,1.12.0,Free_feed,5,3.79,2,0,Pellet,Left,51,54,545,0,Timed_out,2170,nan
4/25/2022 20:09:21,1.12.0,Free_feed,5,3.78,1,0,Pellet,Left,51,54,546,0,1.90,9,nan
4/25/2022 20:15:53,1.12.0,Free_feed,5,3.78,1,0,Pellet,Left,51,54,547,0,Timed_out,392,nan
4/25/2022 20:30:45,1.12.0,Free_feed,5,3.80,1,0,Pellet,Left,51,54,548,0,Timed_out,892,nan
4/25/2022 20:30:56,1.12.0,Free_feed,5,3.80,2,0,Pellet,Left,51,54,549,0,2.18,11,nan
4/25/2022 20:31:07,1.12.0,Free_feed,5,3.80,4,0,Pellet,Left,51,54,550,0,0.06,11,nan
4/25/2022 20:31:15,1.12.0,Free_feed,5,3.80,1,0,Pellet,Left,51,54,551,0,1.56,8,nan
4/25/2022 20:31:23,1.12.0,Free_feed,5,3.80,2,0,Pellet,Left,51,54,552,0,1.15,8,nan
4/25/2022 20:43:47,1.12.0,Free_feed,5,3.82,4,0,Pellet,Left,51,54,553,0,Timed_out,744,nan
4/25/2022 20:46:55,1.12.0,Free_feed,5,3.82,2,0,Pellet,Left,51,54,554,0,Timed_out,188,nan
4/25/2022 20:47:04,1.12.0,Free_feed,5,3.82,1,0,Pellet,Left,51,54,555,0,3.13,9,nan
4/25/2022 20:47:12,1.12.0,Free_feed,5,3.82,1,0,Pellet,Left,51,54,556,0,1.49,8,nan
4/25/2022 21:01:09,1.12.0,Free_feed,5,3.82,nan,0,LeftWithPellet,Left,52,54,556,0,nan,nan,0.48
4/25/2022 21:01:10,1.12.0,Free_feed,5,3.82,1,0,Pellet,Left,52,54,557,0,Timed_out,838,nan
4/25/2022 21:12:51,1.12.0,Free_feed,5,3.83,1,0,Pellet,Left,52,54,558,0,Timed_out,701,nan
4/25/2022 21:13:02,1.12.0,Free_feed,5,3.83,3,0,Pellet,Left,52,54,559,0,1.70,11,nan
4/25/2022 21:13:17,1.12.0,Free_feed,5,3.83,3,0,Pellet,Left,52,54,560,0,6.00,15,nan
4/25/2022 21:13:26,1.12.0,Free_feed,5,3.83,2,0,Pellet,Left,52,54,561,0,2.38,9,nan
4/25/2022 21:13:34,1.12.0,Free_feed,5,3.83,1,0,Pellet,Left,52,54,562,0,0.54,8,nan
4/25/2022 21:13:43,1.12.0,Free_feed,5,3.83,1,0,Pellet,Left,52,54,563,0,3.34,9,nan
4/25/2022 21:13:44,1.12.0,Free_feed,5,3.83,1,0,Pellet,Left,52,54,564,0,0.06,1,nan
4/25/2022 21:13:58,1.12.0,Free_feed,5,3.83,1,0,Pellet,Left,52,54,565,0,7.30,14,nan
4/25/2022 21:14:09,1.12.0,Free_feed,5,3.83,1,0,Pellet,Left,52,54,566,0,4.36,11,nan
4/25/2022 21:14:13,1.12.0,Free_feed,5,3.83,2,0,Pellet,Left,52,54,567,0,0.54,4,nan
4/25/2022 21:14:26,1.12.0,Free_feed,5,3.83,1,0,Pellet,Left,52,54,568,0,5.59,13,nan
4/25/2022 21:26:11,1.12.0,Free_feed,5,3.84,1,0,Pellet,Left,52,54,569,0,Timed_out,705,nan
4/25/2022 21:33:47,1.12.0,Free_feed,5,3.85,1,0,Pellet,Left,52,54,570,0,Timed_out,456,nan
4/25/2022 21:33:56,1.12.0,Free_feed,5,3.84,1,0,Pellet,Left,52,54,571,0,2.38,9,nan
4/25/2022 21:34:19,1.12.0,Free_feed,5,3.85,5,0,Pellet,Left,52,54,572,0,8.74,23,nan
4/25/2022 21:34:27,1.12.0,Free_feed,5,3.85,2,0,Pellet,Left,52,54,573,0,1.42,8,nan
4/25/2022 21:34:38,1.12.0,Free_feed,5,3.84,2,0,Pellet,Left,52,54,574,0,2.38,11,nan
4/25/2022 21:51:45,1.12.0,Free_feed,5,3.86,2,0,Pellet,Left,52,54,575,0,Timed_out,1027,nan
4/25/2022 21:51:57,1.12.0,Free_feed,5,3.85,3,0,Pellet,Left,52,54,576,0,1.22,12,nan
4/25/2022 21:52:06,1.12.0,Free_feed,5,3.86,2,0,Pellet,Left,52,54,577,0,0.40,9,nan
4/25/2022 21:52:12,1.12.0,Free_feed,5,3.86,1,0,Pellet,Left,52,54,578,0,0.27,6,nan
4/25/2022 21:52:23,1.12.0,Free_feed,5,3.85,1,0,Pellet,Left,52,54,579,0,3.75,11,nan
4/25/2022 21:52:34,1.12.0,Free_feed,5,3.85,2,0,Pellet,Left,52,54,580,0,2.31,11,nan
4/25/2022 21:54:22,1.12.0,Free_feed,5,3.85,1,0,Pellet,Left,52,54,581,0,Timed_out,108,nan
4/25/2022 21:54:33,1.12.0,Free_feed,5,3.85,1,0,Pellet,Left,52,54,582,0,9.76,11,nan
4/25/2022 21:55:46,1.12.0,Free_feed,5,3.85,1,0,Pellet,Left,52,54,583,0,Timed_out,73,nan
4/25/2022 21:55:55,1.12.0,Free_feed,5,3.86,1,0,Pellet,Left,52,54,584,0,1.84,9,nan
4/25/2022 21:56:07,1.12.0,Free_feed,5,3.86,3,0,Pellet,Left,52,54,585,0,0.40,12,nan
4/25/2022 21:56:16,1.12.0,Free_feed,5,3.86,3,0,Pellet,Left,52,54,586,0,0.61,9,nan
4/25/2022 21:56:25,1.12.0,Free_feed,5,3.86,2,0,Pellet,Left,52,54,587,0,1.43,9,nan
4/25/2022 22:33:05,1.12.0,Free_feed,5,3.88,nan,0,LeftWithPellet,Left,53,54,587,0,nan,nan,0.17
4/25/2022 22:50:06,1.12.0,Free_feed,5,3.89,nan,0,RightWithPellet,Left,53,55,587,0,nan,nan,0.30
4/25/2022 22:50:22,1.12.0,Free_feed,5,3.89,2,0,Pellet,Left,53,55,588,0,Timed_out,3237,nan
4/25/2022 23:06:45,1.12.0,Free_feed,5,3.90,1,0,Pellet,Left,53,55,589,0,Timed_out,983,nan
4/25/2022 23:07:02,1.12.0,Free_feed,5,3.90,1,0,Pellet,Left,53,55,590,0,9.70,17,nan
4/25/2022 23:07:10,1.12.0,Free_feed,5,3.91,1,0,Pellet,Left,53,55,591,0,1.15,8,nan
4/25/2022 23:07:20,1.12.0,Free_feed,5,3.90,2,0,Pellet,Left,53,55,592,0,4.43,10,nan
4/25/2022 23:07:21,1.12.0,Free_feed,5,3.90,1,0,Pellet,Left,53,55,593,0,0.06,1,nan
4/25/2022 23:07:30,1.12.0,Free_feed,5,3.90,2,0,Pellet,Left,53,55,594,0,0.34,9,nan
4/25/2022 23:07:38,1.12.0,Free_feed,5,3.90,1,0,Pellet,Left,53,55,595,0,1.15,8,nan
4/25/2022 23:07:45,1.12.0,Free_feed,5,3.90,1,0,Pellet,Left,53,55,596,0,0.95,7,nan
4/25/2022 23:08:24,1.12.0,Free_feed,5,3.89,1,0,Pellet,Left,53,55,597,0,31.43,39,nan
4/25/2022 23:08:31,1.12.0,Free_feed,5,3.90,2,0,Pellet,Left,53,55,598,0,0.06,7,nan
4/25/2022 23:08:40,1.12.0,Free_feed,5,3.90,3,0,Pellet,Left,53,55,599,0,0.27,9,nan
4/25/2022 23:24:15,1.12.0,Free_feed,5,3.91,2,0,Pellet,Left,53,55,600,0,Timed_out,935,nan
4/25/2022 23:33:31,1.12.0,Free_feed,5,3.91,nan,0,RightWithPellet,Left,53,56,600,0,nan,nan,0.00
4/25/2022 23:39:07,1.12.0,Free_feed,5,3.92,1,0,Pellet,Left,53,56,601,0,Timed_out,892,nan
4/25/2022 23:39:29,1.12.0,Free_feed,5,3.92,1,0,Pellet,Left,53,56,602,0,21.07,22,nan
4/25/2022 23:39:36,1.12.0,Free_feed,5,3.91,1,0,Pellet,Left,53,56,603,0,0.54,7,nan
4/25/2022 23:39:44,1.12.0,Free_feed,5,3.91,1,0,Pellet,Left,53,56,604,0,1.70,8,nan
4/25/2022 23:39:53,1.12.0,Free_feed,5,3.91,4,0,Pellet,Left,53,56,605,0,2.38,9,nan
4/25/2022 23:40:02,1.12.0,Free_feed,5,3.92,3,0,Pellet,Left,53,56,606,0,0.13,9,nan
4/25/2022 23:40:09,1.12.0,Free_feed,5,3.91,2,0,Pellet,Left,53,56,607,0,0.47,7,nan
4/25/2022 23:40:20,1.12.0,Free_feed,5,3.92,1,0,Pellet,Left,53,56,608,0,4.64,11,nan
4/25/2022 23:40:29,1.12.0,Free_feed,5,3.91,1,0,Pellet,Left,53,56,609,0,2.11,9,nan
4/25/2022 23:40:39,1.12.0,Free_feed,5,3.92,2,0,Pellet,Left,53,56,610,0,0.81,10,nan
4/25/2022 23:40:50,1.12.0,Free_feed,5,3.91,1,0,Pellet,Left,53,56,611,0,4.57,11,nan
4/25/2022 23:41:02,1.12.0,Free_feed,5,3.92,1,0,Pellet,Left,53,56,612,0,5.11,12,nan
4/25/2022 23:41:09,1.12.0,Free_feed,5,3.91,1,0,Pellet,Left,53,56,613,0,0.68,7,nan
4/25/2022 23:41:18,1.12.0,Free_feed,5,3.91,1,0,Pellet,Left,53,56,614,0,1.97,9,nan
4/25/2022 23:41:28,1.12.0,Free_feed,5,3.92,1,0,Pellet,Left,53,56,615,0,3.68,10,nan
4/25/2022 23:41:39,1.12.0,Free_feed,5,3.91,2,0,Pellet,Left,53,56,616,0,2.11,11,nan
4/26/2022 0:01:12,1.12.0,Free_feed,5,3.93,4,0,Pellet,Left,53,56,617,0,Timed_out,1173,nan
4/26/2022 0:01:13,1.12.0,Free_feed,5,3.93,1,0,Pellet,Left,53,56,618,0,0.06,1,nan
4/26/2022 0:01:22,1.12.0,Free_feed,5,3.93,2,0,Pellet,Left,53,56,619,0,2.52,9,nan
4/26/2022 0:01:32,1.12.0,Free_feed,5,3.93,2,0,Pellet,Left,53,56,620,0,3.47,10,nan
4/26/2022 0:01:39,1.12.0,Free_feed,5,3.93,2,0,Pellet,Left,53,56,621,0,0.61,7,nan
4/26/2022 0:02:36,1.12.0,Free_feed,5,3.93,nan,0,LeftWithPellet,Left,54,56,621,0,nan,nan,0.42
4/26/2022 0:25:34,1.12.0,Free_feed,5,3.94,1,0,Pellet,Left,54,56,622,0,Timed_out,1435,nan
4/26/2022 0:25:42,1.12.0,Free_feed,5,3.94,1,0,Pellet,Left,54,56,623,0,1.56,8,nan
4/26/2022 0:25:50,1.12.0,Free_feed,5,3.94,1,0,Pellet,Left,54,56,624,0,1.43,8,nan
4/26/2022 0:25:59,1.12.0,Free_feed,5,3.94,2,0,Pellet,Left,54,56,625,0,0.61,9,nan
4/26/2022 0:26:09,1.12.0,Free_feed,5,3.94,1,0,Pellet,Left,54,56,626,0,8.33,10,nan
4/26/2022 0:26:18,1.12.0,Free_feed,5,3.94,1,0,Pellet,Left,54,56,627,0,2.52,9,nan
4/26/2022 0:26:27,1.12.0,Free_feed,5,3.94,1,0,Pellet,Left,54,56,628,0,2.45,9,nan
4/26/2022 0:26:34,1.12.0,Free_feed,5,3.94,1,0,Pellet,Left,54,56,629,0,0.34,7,nan
4/26/2022 0:26:42,1.12.0,Free_feed,5,3.94,1,0,Pellet,Left,54,56,630,0,1.70,8,nan
4/26/2022 0:26:53,1.12.0,Free_feed,5,3.94,3,0,Pellet,Left,54,56,631,0,0.20,11,nan
4/26/2022 0:26:56,1.12.0,Free_feed,5,3.94,2,0,Pellet,Left,54,56,632,0,1.08,3,nan
4/26/2022 0:27:04,1.12.0,Free_feed,5,3.94,1,0,Pellet,Left,54,56,633,0,2.59,8,nan
4/26/2022 0:47:16,1.12.0,Free_feed,5,3.94,1,0,Pellet,Left,54,56,634,0,Timed_out,1211,nan
4/26/2022 0:47:27,1.12.0,Free_feed,5,3.95,1,0,Pellet,Left,54,56,635,0,5.18,12,nan
4/26/2022 0:58:26,1.12.0,Free_feed,5,3.96,nan,0,RightWithPellet,Left,54,57,635,0,nan,nan,0.91
4/26/2022 1:00:51,1.12.0,Free_feed,5,3.96,1,0,Pellet,Left,54,57,636,0,Timed_out,804,nan
4/26/2022 1:01:21,1.12.0,Free_feed,5,3.96,1,0,Pellet,Left,54,57,637,0,24.55,30,nan
4/26/2022 1:01:33,1.12.0,Free_feed,5,3.96,3,0,Pellet,Left,54,57,638,0,0.61,12,nan
4/26/2022 1:01:41,1.12.0,Free_feed,5,3.96,1,0,Pellet,Left,54,57,639,0,1.90,8,nan
4/26/2022 1:01:49,1.12.0,Free_feed,5,3.96,1,0,Pellet,Left,54,57,640,0,1.15,8,nan
4/26/2022 1:01:58,1.12.0,Free_feed,5,3.96,1,0,Pellet,Left,54,57,641,0,1.97,9,nan
4/26/2022 1:02:10,1.12.0,Free_feed,5,3.96,1,0,Pellet,Left,54,57,642,0,5.66,12,nan
4/26/2022 1:02:21,1.12.0,Free_feed,5,3.96,1,0,Pellet,Left,54,57,643,0,4.22,11,nan
4/26/2022 1:17:01,1.12.0,Free_feed,5,3.97,2,0,Pellet,Left,54,57,644,0,Timed_out,880,nan
4/26/2022 1:17:10,1.12.0,Free_feed,5,3.96,2,0,Pellet,Left,54,57,645,0,5.45,9,nan
4/26/2022 1:17:22,1.12.0,Free_feed,5,3.96,1,0,Pellet,Left,54,57,646,0,4.56,12,nan
4/26/2022 1:17:29,1.12.0,Free_feed,5,3.97,1,0,Pellet,Left,54,57,647,0,1.08,7,nan
4/26/2022 1:17:40,1.12.0,Free_feed,5,3.96,3,0,Pellet,Left,54,57,648,0,0.20,11,nan
4/26/2022 1:17:51,1.12.0,Free_feed,5,3.96,2,0,Pellet,Left,54,57,649,0,1.56,11,nan
4/26/2022 1:17:59,1.12.0,Free_feed,5,3.96,1,0,Pellet,Left,54,57,650,0,1.77,8,nan
4/26/2022 1:18:13,1.12.0,Free_feed,5,3.97,1,0,Pellet,Left,54,57,651,0,7.57,14,nan
4/26/2022 1:18:25,1.12.0,Free_feed,5,3.97,1,0,Pellet,Left,54,57,652,0,11.33,12,nan
4/26/2022 1:18:41,1.12.0,Free_feed,5,3.97,3,0,Pellet,Left,54,57,653,0,6.48,16,nan
4/26/2022 1:32:54,1.12.0,Free_feed,5,3.98,1,0,Pellet,Left,54,57,654,0,Timed_out,853,nan
4/26/2022 1:33:06,1.12.0,Free_feed,5,3.98,4,0,Pellet,Left,54,57,655,0,0.61,12,nan
4/26/2022 1:33:16,1.12.0,Free_feed,5,3.98,1,0,Pellet,Left,54,57,656,0,2.52,10,nan
4/26/2022 1:33:57,1.12.0,Free_feed,5,3.98,nan,0,LeftWithPellet,Left,55,57,656,0,nan,nan,0.10
4/26/2022 2:51:09,1.12.0,Free_feed,5,4.03,5,0,Pellet,Left,55,57,657,0,Timed_out,4673,nan
4/26/2022 2:51:21,1.12.0,Free_feed,5,4.03,2,0,Pellet,Left,55,57,658,0,5.32,12,nan
4/26/2022 2:51:30,1.12.0,Free_feed,5,4.03,2,0,Pellet,Left,55,57,659,0,7.51,9,nan
4/26/2022 2:51:39,1.12.0,Free_feed,5,4.03,1,0,Pellet,Left,55,57,660,0,2.93,9,nan
4/26/2022 2:51:52,1.12.0,Free_feed,5,4.02,1,0,Pellet,Left,55,57,661,0,5.59,13,nan
4/26/2022 2:52:14,1.12.0,Free_feed,5,4.03,nan,0,LeftWithPellet,Left,56,57,661,0,nan,nan,0.72
4/26/2022 2:52:15,1.12.0,Free_feed,5,4.03,nan,0,LeftWithPellet,Left,57,57,661,0,nan,nan,0.29
4/26/2022 2:59:26,1.12.0,Free_feed,5,4.03,nan,0,RightWithPellet,Left,57,58,661,0,nan,nan,0.35
4/26/2022 3:07:15,1.12.0,Free_feed,5,4.03,1,0,Pellet,Left,57,58,662,0,Timed_out,923,nan
4/26/2022 3:07:22,1.12.0,Free_feed,5,4.03,1,0,Pellet,Left,57,58,663,0,1.08,7,nan
4/26/2022 3:07:24,1.12.0,Free_feed,5,4.03,1,0,Pellet,Left,57,58,664,0,1.77,2,nan
4/26/2022 3:07:36,1.12.0,Free_feed,5,4.04,1,0,Pellet,Left,57,58,665,0,4.70,12,nan
4/26/2022 3:07:45,1.12.0,Free_feed,5,4.03,1,0,Pellet,Left,57,58,666,0,2.59,9,nan
4/26/2022 3:09:17,1.12.0,Free_feed,5,4.04,nan,0,RightWithPellet,Left,57,59,666,0,nan,nan,0.01
4/26/2022 3:15:55,1.12.0,Free_feed,5,4.04,nan,0,RightWithPellet,Left,57,60,666,0,nan,nan,0.53
4/26/2022 4:34:44,1.12.0,Free_feed,5,4.08,2,0,Pellet,Left,57,60,667,0,Timed_out,5219,nan
4/26/2022 4:34:55,1.12.0,Free_feed,5,4.09,1,0,Pellet,Left,57,60,668,0,4.02,11,nan
4/26/2022 4:35:07,1.12.0,Free_feed,5,4.09,1,0,Pellet,Left,57,60,669,0,5.66,12,nan
4/26/2022 4:35:18,1.12.0,Free_feed,5,4.09,1,0,Pellet,Left,57,60,670,0,4.63,11,nan
4/26/2022 4:35:33,1.12.0,Free_feed,5,4.09,1,0,Pellet,Left,57,60,671,0,8.05,15,nan
4/26/2022 4:35:43,1.12.0,Free_feed,5,4.08,1,0,Pellet,Left,57,60,672,0,3.20,10,nan
4/26/2022 4:35:53,1.12.0,Free_feed,5,4.08,2,0,Pellet,Left,57,60,673,0,1.02,10,nan
4/26/2022 4:36:08,1.12.0,Free_feed,5,4.09,1,0,Pellet,Left,57,60,674,0,8.25,15,nan
4/26/2022 4:36:16,1.12.0,Free_feed,5,4.09,1,0,Pellet,Left,57,60,675,0,0.95,8,nan
4/26/2022 4:36:16,1.12.0,Free_feed,5,4.09,1,0,Pellet,Left,57,60,676,0,0.06,0,nan
4/26/2022 4:36:24,1.12.0,Free_feed,5,4.09,1,0,Pellet,Left,57,60,677,0,1.15,8,nan
4/26/2022 4:50:54,1.12.0,Free_feed,5,4.09,1,0,Pellet,Left,57,60,678,0,Timed_out,870,nan
4/26/2022 4:51:04,1.12.0,Free_feed,5,4.09,2,0,Pellet,Left,57,60,679,0,1.15,10,nan
4/26/2022 4:51:11,1.12.0,Free_feed,5,4.10,1,0,Pellet,Left,57,60,680,0,0.34,7,nan
4/26/2022 4:51:18,1.12.0,Free_feed,5,4.09,1,0,Pellet,Left,57,60,681,0,0.74,7,nan
4/26/2022 4:51:28,1.12.0,Free_feed,5,4.10,1,0,Pellet,Left,57,60,682,0,3.06,10,nan
4/26/2022 4:51:40,1.12.0,Free_feed,5,4.10,2,0,Pellet,Left,57,60,683,0,5.18,12,nan
4/26/2022 4:51:49,1.12.0,Free_feed,5,4.10,1,0,Pellet,Left,57,60,684,0,1.90,9,nan
4/26/2022 4:51:59,1.12.0,Free_feed,5,4.09,2,0,Pellet,Left,57,60,685,0,1.29,10,nan
4/26/2022 6:01:08,1.12.0,Free_feed,5,4.17,3,0,Pellet,Left,57,60,686,0,Timed_out,4149,nan
4/26/2022 6:01:18,1.12.0,Free_feed,5,4.18,1,0,Pellet,Left,57,60,687,0,3.95,10,nan
4/26/2022 6:01:28,1.12.0,Free_feed,5,4.18,1,0,Pellet,Left,57,60,688,0,3.34,10,nan
4/26/2022 6:02:03,1.12.0,Free_feed,5,4.18,nan,0,RightWithPellet,Left,57,61,688,0,nan,nan,0.08
4/26/2022 6:02:13,1.12.0,Free_feed,5,4.17,1,0,Pellet,Left,57,61,689,0,43.65,45,nan
4/26/2022 6:48:51,1.12.0,Free_feed,5,4.16,1,0,Pellet,Left,57,61,690,0,Timed_out,2798,nan
4/26/2022 7:48:45,1.12.0,Free_feed,5,4.16,1,0,Pellet,Left,57,61,691,0,Timed_out,3594,nan
4/26/2022 7:48:46,1.12.0,Free_feed,5,4.16,1,0,Pellet,Left,57,61,692,0,0.06,1,nan
4/26/2022 7:49:08,1.12.0,Free_feed,5,4.16,1,0,Pellet,Left,57,61,693,0,15.65,22,nan
4/26/2022 7:49:16,1.12.0,Free_feed,5,4.16,1,0,Pellet,Left,57,61,694,0,1.08,8,nan
4/26/2022 7:49:28,1.12.0,Free_feed,5,4.16,2,0,Pellet,Left,57,61,695,0,3.88,12,nan
4/26/2022 7:50:17,1.12.0,Free_feed,5,4.16,1,0,Pellet,Left,57,61,696,0,41.70,49,nan
4/26/2022 7:50:26,1.12.0,Free_feed,5,4.16,2,0,Pellet,Left,57,61,697,0,0.27,9,nan
4/26/2022 7:50:45,1.12.0,Free_feed,5,4.16,1,0,Pellet,Left,57,61,698,0,12.77,19,nan
4/26/2022 7:50:52,1.12.0,Free_feed,5,4.16,1,0,Pellet,Left,57,61,699,0,0.40,7,nan
4/26/2022 7:51:00,1.12.0,Free_feed,5,4.16,1,0,Pellet,Left,57,61,700,0,2.11,8,nan
4/26/2022 7:51:11,1.12.0,Free_feed,5,4.16,1,0,Pellet,Left,57,61,701,0,3.13,11,nan
4/26/2022 7:51:24,1.12.0,Free_feed,5,4.16,2,0,Pellet,Left,57,61,702,0,6.48,13,nan
4/26/2022 7:52:02,1.12.0,Free_feed,5,4.16,3,0,Pellet,Left,57,61,703,0,27.43,38,nan
4/26/2022 7:52:19,1.12.0,Free_feed,5,4.17,4,0,Pellet,Left,57,61,704,0,5.80,17,nan
4/26/2022 7:52:29,1.12.0,Free_feed,5,4.16,3,0,Pellet,Left,57,61,705,0,0.88,10,nan
4/26/2022 8:47:31,1.12.0,Free_feed,5,4.16,2,0,Pellet,Left,57,61,706,0,Timed_out,3302,nan
4/26/2022 8:47:42,1.12.0,Free_feed,5,4.16,2,0,Pellet,Left,57,61,707,0,4.63,11,nan
4/26/2022 8:47:51,1.12.0,Free_feed,5,4.16,1,0,Pellet,Left,57,61,708,0,2.52,9,nan
4/26/2022 8:48:01,1.12.0,Free_feed,5,4.16,1,0,Pellet,Left,57,61,709,0,3.13,10,nan
4/26/2022 8:48:21,1.12.0,Free_feed,5,4.16,2,0,Pellet,Left,57,61,710,0,11.27,20,nan
4/26/2022 8:48:30,1.12.0,Free_feed,5,4.17,2,0,Pellet,Left,57,61,711,0,0.27,9,nan
4/26/2022 8:48:39,1.12.0,Free_feed,5,4.16,2,0,Pellet,Left,57,61,712,0,0.68,9,nan
4/26/2022 8:48:53,1.12.0,Free_feed,5,4.16,5,0,Pellet,Left,57,61,713,0,0.27,14,nan
4/26/2022 8:49:03,1.12.0,Free_feed,5,4.16,2,0,Pellet,Left,57,61,714,0,2.79,10,nan
4/26/2022 8:49:15,1.12.0,Free_feed,5,4.16,2,0,Pellet,Left,57,61,715,0,5.18,12,nan
