mouse_id,sex,order,day,hour,pr_hourly_pellet_intake,nr_hourly_pellet_intake
FEDXA01,M,2,0,0,0,0
FEDXA01,M,2,0,1,0,0
FEDXA01,M,2,0,2,9,3
FEDXA01,M,2,0,3,13,20
FEDXA01,M,2,0,4,0,12
FEDXA01,M,2,0,5,5,19
FEDXA01,M,2,0,6,7,8
FEDXA01,M,2,0,7,4,2
FEDXA01,M,2,0,8,9,7
FEDXA01,M,2,0,9,0,0
FEDXA01,M,2,0,10,5,14
FEDXA01,M,2,0,11,6,6
FEDXA01,M,2,0,12,4,8
FEDXA01,M,2,0,13,7,13
FEDXA01,M,2,0,14,13,17
FEDXA01,M,2,0,15,8,21
FEDXA01,M,2,0,16,13,26
FEDXA01,M,2,0,17,17,18
FEDXA01,M,2,0,18,9,12
FEDXA01,M,2,0,19,1,11
FEDXA01,M,2,0,20,5,3
FEDXA01,M,2,0,21,5,9
FEDXA01,M,2,0,22,11,7
FEDXA01,M,2,0,23,10,10
FEDXA01,M,2,1,0,7,8
FEDXA01,M,2,1,1,0,9
FEDXA01,M,2,1,2,9,5
FEDXA01,M,2,1,3,0,7
FEDXA01,M,2,1,4,9,14
FEDXA01,M,2,1,5,0,8
FEDXA01,M,2,1,6,8,0
FEDXA01,M,2,1,7,5,2
FEDXA01,M,2,1,8,0,8
FEDXA01,M,2,1,9,7,0
FEDXA01,M,2,1,10,0,5
FEDXA01,M,2,1,11,5,11
FEDXA01,M,2,1,12,9,7
FEDXA01,M,2,1,13,9,17
FEDXA01,M,2,1,14,9,17
FEDXA01,M,2,1,15,12,18
FEDXA01,M,2,1,16,14,26
FEDXA01,M,2,1,17,7,28
FEDXA01,M,2,1,18,13,14
FEDXA01,M,2,1,19,0,7
FEDXA01,M,2,1,20,12,17
FEDXA01,M,2,1,21,8,0
FEDXA01,M,2,1,22,5,0
FEDXA01,M,2,1,23,7,6
FEDXA01,M,2,2,0,6,11
FEDXA01,M,2,2,1,13,12
FEDXA01,M,2,2,2,0,4
FEDXA01,M,2,2,3,6,11
FEDXA01,M,2,2,4,8,4
FEDXA01,M,2,2,5,0,2
FEDXA01,M,2,2,6,6,7
FEDXA01,M,2,2,7,0,6
FEDXA01,M,2,2,8,6,0
FEDXA01,M,2,2,9,0,8
FEDXA01,M,2,2,10,3,0
FEDXA01,M,2,2,11,3,5
FEDXA01,M,2,2,12,9,6
FEDXA01,M,2,2,13,11,15
FEDXA01,M,2,2,14,12,21
FEDXA01,M,2,2,15,17,19
FEDXA01,M,2,2,16,10,18
FEDXA01,M,2,2,17,10,24
FEDXA01,M,2,2,18,13,25
FEDXA01,M,2,2,19,8,0
FEDXA01,M,2,2,20,11,8
FEDXA01,M,2,2,21,4,0
FEDXA01,M,2,2,22,7,0
FEDXA01,M,2,2,23,13,16
FEDXA01,M,2,3,0,4,1
FEDXA01,M,2,3,1,10,12
FEDXA01,M,2,3,2,2,6
FEDXA01,M,2,3,3,10,9
FEDXA01,M,2,3,4,0,10
FEDXA01,M,2,3,5,10,2
FEDXA01,M,2,3,6,1,10
FEDXA01,M,2,3,7,4,6
FEDXA01,M,2,3,8,0,0
FEDXA01,M,2,3,9,5,0
FEDXA01,M,2,3,10,6,4
FEDXA01,M,2,3,11,4,6
FEDXA01,M,2,3,12,8,5
FEDXA01,M,2,3,13,7,14
FEDXA01,M,2,3,14,15,16
FEDXA01,M,2,3,15,16,17
FEDXA01,M,2,3,16,16,21
FEDXA01,M,2,3,17,8,26
FEDXA01,M,2,3,18,13,21
FEDXA01,M,2,3,19,0,3
FEDXA01,M,2,3,20,15,8
FEDXA01,M,2,3,21,3,7
FEDXA01,M,2,3,22,19,7
FEDXA01,M,2,3,23,8,0
FEDXA01,M,2,4,0,9,12
FEDXA01,M,2,4,1,10,10
FEDXA01,M,2,4,2,6,3
FEDXA01,M,2,4,3,4,13
FEDXA01,M,2,4,4,4,13
FEDXA01,M,2,4,5,11,9
FEDXA01,M,2,4,6,0,1
FEDXA01,M,2,4,7,9,0
FEDXA01,M,2,4,8,6,3
FEDXA01,M,2,4,9,0,0
FEDXA01,M,2,4,10,3,8
FEDXA01,M,2,4,11,8,8
FEDXA01,M,2,4,12,7,6
FEDXA01,M,2,4,13,10,14
FEDXA01,M,2,4,14,19,14
FEDXA01,M,2,4,15,17,27
FEDXA01,M,2,4,16,26,26
FEDXA01,M,2,4,17,9,23
FEDXA01,M,2,4,18,18,13
FEDXA01,M,2,4,19,5,0
FEDXA01,M,2,4,20,7,14
FEDXA01,M,2,4,21,1,8
FEDXA01,M,2,4,22,12,8
FEDXA01,M,2,4,23,14,8
FEDXA01,M,2,5,0,0,6
FEDXA01,M,2,5,1,11,7
FEDXA01,M,2,5,2,10,2
FEDXA01,M,2,5,3,0,4
FEDXA01,M,2,5,4,5,10
FEDXA01,M,2,5,5,12,0
FEDXA01,M,2,5,6,0,13
FEDXA01,M,2,5,7,0,0
FEDXA01,M,2,5,8,7,0
FEDXA01,M,2,5,9,2,7
FEDXA01,M,2,5,10,5,0
FEDXA01,M,2,5,11,4,13
FEDXA01,M,2,5,12,10,7
FEDXA01,M,2,5,13,15,14
FEDXA01,M,2,5,14,13,17
FEDXA01,M,2,5,15,24,28
FEDXA01,M,2,5,16,27,27
FEDXA01,M,2,5,17,25,15
FEDXA01,M,2,5,18,13,7
FEDXA01,M,2,5,19,19,10
FEDXA01,M,2,5,20,0,13
FEDXA01,M,2,5,21,10,7
FEDXA01,M,2,5,22,8,0
FEDXA01,M,2,5,23,11,16
FEDXA01,M,2,6,0,6,8
FEDXA01,M,2,6,1,12,11
FEDXA01,M,2,6,2,8,1
FEDXA01,M,2,6,3,2,0
FEDXA01,M,2,6,4,7,11
FEDXA01,M,2,6,5,2,3
FEDXA01,M,2,6,6,4,10
FEDXA01,M,2,6,7,6,0
FEDXA01,M,2,6,8,5,0
FEDXA01,M,2,6,9,8,6
FEDXA01,M,2,6,10,3,5
FEDXA01,M,2,6,11,10,7
FEDXA01,M,2,6,12,7,5
FEDXA01,M,2,6,13,14,13
FEDXA01,M,2,6,14,20,17
FEDXA01,M,2,6,15,25,18
FEDXA01,M,2,6,16,23,30
FEDXA01,M,2,6,17,18,19
FEDXA01,M,2,6,18,11,7
FEDXA01,M,2,6,19,9,13
FEDXA01,M,2,6,20,17,7
FEDXA01,M,2,6,21,0,7
FEDXA01,M,2,6,22,10,8
FEDXA01,M,2,6,23,13,13
FEDXA02,M,2,0,0,0,0
FEDXA02,M,2,0,1,0,0
FEDXA02,M,2,0,2,9,3
FEDXA02,M,2,0,3,2,13
FEDXA02,M,2,0,4,0,21
FEDXA02,M,2,0,5,9,13
FEDXA02,M,2,0,6,6,7
FEDXA02,M,2,0,7,0,9
FEDXA02,M,2,0,8,0,1
FEDXA02,M,2,0,9,5,3
FEDXA02,M,2,0,10,7,10
FEDXA02,M,2,0,11,4,1
FEDXA02,M,2,0,12,6,12
FEDXA02,M,2,0,13,14,16
FEDXA02,M,2,0,14,13,18
FEDXA02,M,2,0,15,9,11
FEDXA02,M,2,0,16,16,27
FEDXA02,M,2,0,17,5,8
FEDXA02,M,2,0,18,9,15
FEDXA02,M,2,0,19,13,5
FEDXA02,M,2,0,20,8,11
FEDXA02,M,2,0,21,0,9
FEDXA02,M,2,0,22,10,5
FEDXA02,M,2,0,23,9,7
FEDXA02,M,2,1,0,1,5
FEDXA02,M,2,1,1,2,6
FEDXA02,M,2,1,2,6,6
FEDXA02,M,2,1,3,4,2
FEDXA02,M,2,1,4,3,6
FEDXA02,M,2,1,5,2,6
FEDXA02,M,2,1,6,5,2
FEDXA02,M,2,1,7,5,1
FEDXA02,M,2,1,8,0,4
FEDXA02,M,2,1,9,4,0
FEDXA02,M,2,1,10,0,1
FEDXA02,M,2,1,11,2,7
FEDXA02,M,2,1,12,10,4
FEDXA02,M,2,1,13,18,9
FEDXA02,M,2,1,14,8,23
FEDXA02,M,2,1,15,10,9
FEDXA02,M,2,1,16,20,24
FEDXA02,M,2,1,17,11,16
FEDXA02,M,2,1,18,0,11
FEDXA02,M,2,1,19,19,6
FEDXA02,M,2,1,20,3,10
FEDXA02,M,2,1,21,9,1
FEDXA02,M,2,1,22,4,4
FEDXA02,M,2,1,23,7,8
FEDXA02,M,2,2,0,4,13
FEDXA02,M,2,2,1,16,4
FEDXA02,M,2,2,2,10,12
FEDXA02,M,2,2,3,7,11
FEDXA02,M,2,2,4,6,5
FEDXA02,M,2,2,5,4,6
FEDXA02,M,2,2,6,0,3
FEDXA02,M,2,2,7,9,0
FEDXA02,M,2,2,8,0,0
FEDXA02,M,2,2,9,0,4
FEDXA02,M,2,2,10,5,5
FEDXA02,M,2,2,11,6,4
FEDXA02,M,2,2,12,11,5
FEDXA02,M,2,2,13,14,19
FEDXA02,M,2,2,14,15,16
FEDXA02,M,2,2,15,13,9
FEDXA02,M,2,2,16,17,16
FEDXA02,M,2,2,17,16,12
FEDXA02,M,2,2,18,5,17
FEDXA02,M,2,2,19,11,7
FEDXA02,M,2,2,20,8,8
FEDXA02,M,2,2,21,8,11
FEDXA02,M,2,2,22,8,3
FEDXA02,M,2,2,23,11,5
FEDXA02,M,2,3,0,11,6
FEDXA02,M,2,3,1,11,0
FEDXA02,M,2,3,2,8,7
FEDXA02,M,2,3,3,6,4
FEDXA02,M,2,3,4,0,14
FEDXA02,M,2,3,5,9,8
FEDXA02,M,2,3,6,0,0
FEDXA02,M,2,3,7,10,0
FEDXA02,M,2,3,8,0,0
FEDXA02,M,2,3,9,9,1
FEDXA02,M,2,3,10,2,0
FEDXA02,M,2,3,11,10,0
FEDXA02,M,2,3,12,8,10
FEDXA02,M,2,3,13,16,15
FEDXA02,M,2,3,14,15,10
FEDXA02,M,2,3,15,12,16
FEDXA02,M,2,3,16,12,12
FEDXA02,M,2,3,17,23,17
FEDXA02,M,2,3,18,3,12
FEDXA02,M,2,3,19,10,13
FEDXA02,M,2,3,20,11,8
FEDXA02,M,2,3,21,6,0
FEDXA02,M,2,3,22,9,6
FEDXA02,M,2,3,23,10,13
FEDXA02,M,2,4,0,12,0
FEDXA02,M,2,4,1,4,9
FEDXA02,M,2,4,2,14,10
FEDXA02,M,2,4,3,15,2
FEDXA02,M,2,4,4,1,8
FEDXA02,M,2,4,5,0,4
FEDXA02,M,2,4,6,8,6
FEDXA02,M,2,4,7,0,5
FEDXA02,M,2,4,8,5,0
FEDXA02,M,2,4,9,0,0
FEDXA02,M,2,4,10,7,0
FEDXA02,M,2,4,11,5,6
FEDXA02,M,2,4,12,11,3
FEDXA02,M,2,4,13,14,16
FEDXA02,M,2,4,14,18,18
FEDXA02,M,2,4,15,14,17
FEDXA02,M,2,4,16,17,13
FEDXA02,M,2,4,17,13,13
FEDXA02,M,2,4,18,14,10
FEDXA02,M,2,4,19,0,10
FEDXA02,M,2,4,20,11,10
FEDXA02,M,2,4,21,2,6
FEDXA02,M,2,4,22,8,6
FEDXA02,M,2,4,23,10,10
FEDXA02,M,2,5,0,13,9
FEDXA02,M,2,5,1,14,0
FEDXA02,M,2,5,2,6,2
FEDXA02,M,2,5,3,9,14
FEDXA02,M,2,5,4,4,5
FEDXA02,M,2,5,5,5,9
FEDXA02,M,2,5,6,7,0
FEDXA02,M,2,5,7,0,0
FEDXA02,M,2,5,8,1,0
FEDXA02,M,2,5,9,4,2
FEDXA02,M,2,5,10,0,1
FEDXA02,M,2,5,11,5,6
FEDXA02,M,2,5,12,12,8
FEDXA02,M,2,5,13,16,12
FEDXA02,M,2,5,14,19,21
FEDXA02,M,2,5,15,23,9
FEDXA02,M,2,5,16,15,5
FEDXA02,M,2,5,17,17,20
FEDXA02,M,2,5,18,4,14
FEDXA02,M,2,5,19,17,1
FEDXA02,M,2,5,20,9,13
FEDXA02,M,2,5,21,7,15
FEDXA02,M,2,5,22,8,0
FEDXA02,M,2,5,23,11,9
FEDXA02,M,2,6,0,12,1
FEDXA02,M,2,6,1,10,14
FEDXA02,M,2,6,2,9,4
FEDXA02,M,2,6,3,0,0
FEDXA02,M,2,6,4,7,11
FEDXA02,M,2,6,5,0,7
FEDXA02,M,2,6,6,6,6
FEDXA02,M,2,6,7,1,2
FEDXA02,M,2,6,8,5,0
FEDXA02,M,2,6,9,3,7
FEDXA02,M,2,6,10,0,0
FEDXA02,M,2,6,11,10,5
FEDXA02,M,2,6,12,8,4
FEDXA02,M,2,6,13,15,19
FEDXA02,M,2,6,14,19,11
FEDXA02,M,2,6,15,15,21
FEDXA02,M,2,6,16,17,12
FEDXA02,M,2,6,17,18,11
FEDXA02,M,2,6,18,4,13
FEDXA02,M,2,6,19,10,8
FEDXA02,M,2,6,20,13,10
FEDXA02,M,2,6,21,7,0
FEDXA02,M,2,6,22,12,9
FEDXA02,M,2,6,23,13,6
FEDXA03,M,2,0,0,0,0
FEDXA03,M,2,0,1,0,0
FEDXA03,M,2,0,2,1,0
FEDXA03,M,2,0,3,2,16
FEDXA03,M,2,0,4,9,22
FEDXA03,M,2,0,5,11,21
FEDXA03,M,2,0,6,0,18
FEDXA03,M,2,0,7,6,0
FEDXA03,M,2,0,8,0,0
FEDXA03,M,2,0,9,5,7
FEDXA03,M,2,0,10,6,11
FEDXA03,M,2,0,11,3,11
FEDXA03,M,2,0,12,7,23
FEDXA03,M,2,0,13,13,34
FEDXA03,M,2,0,14,15,29
FEDXA03,M,2,0,15,9,19
FEDXA03,M,2,0,16,12,30
FEDXA03,M,2,0,17,7,24
FEDXA03,M,2,0,18,13,27
FEDXA03,M,2,0,19,4,14
FEDXA03,M,2,0,20,6,18
FEDXA03,M,2,0,21,5,0
FEDXA03,M,2,0,22,5,12
FEDXA03,M,2,0,23,8,16
FEDXA03,M,2,1,0,6,17
FEDXA03,M,2,1,1,4,4
FEDXA03,M,2,1,2,5,48
FEDXA03,M,2,1,3,0,11
FEDXA03,M,2,1,4,9,11
FEDXA03,M,2,1,5,0,0
FEDXA03,M,2,1,6,6,10
FEDXA03,M,2,1,7,4,8
FEDXA03,M,2,1,8,3,8
FEDXA03,M,2,1,9,3,0
FEDXA03,M,2,1,10,0,0
FEDXA03,M,2,1,11,8,12
FEDXA03,M,2,1,12,8,9
FEDXA03,M,2,1,13,10,32
FEDXA03,M,2,1,14,9,30
FEDXA03,M,2,1,15,13,33
FEDXA03,M,2,1,16,7,20
FEDXA03,M,2,1,17,16,33
FEDXA03,M,2,1,18,6,20
FEDXA03,M,2,1,19,10,14
FEDXA03,M,2,1,20,3,8
FEDXA03,M,2,1,21,9,5
FEDXA03,M,2,1,22,5,7
FEDXA03,M,2,1,23,5,11
FEDXA03,M,2,2,0,6,8
FEDXA03,M,2,2,1,7,11
FEDXA03,M,2,2,2,6,14
FEDXA03,M,2,2,3,6,10
FEDXA03,M,2,2,4,2,6
FEDXA03,M,2,2,5,2,10
FEDXA03,M,2,2,6,0,0
FEDXA03,M,2,2,7,3,7
FEDXA03,M,2,2,8,0,0
FEDXA03,M,2,2,9,0,0
FEDXA03,M,2,2,10,4,11
FEDXA03,M,2,2,11,4,0
FEDXA03,M,2,2,12,7,14
FEDXA03,M,2,2,13,11,21
FEDXA03,M,2,2,14,13,33
FEDXA03,M,2,2,15,11,25
FEDXA03,M,2,2,16,16,26
FEDXA03,M,2,2,17,24,23
FEDXA03,M,2,2,18,22,17
FEDXA03,M,2,2,19,0,12
FEDXA03,M,2,2,20,9,5
FEDXA03,M,2,2,21,5,6
FEDXA03,M,2,2,22,6,0
FEDXA03,M,2,2,23,7,20
FEDXA03,M,2,3,0,15,13
FEDXA03,M,2,3,1,3,9
FEDXA03,M,2,3,2,10,7
FEDXA03,M,2,3,3,8,8
FEDXA03,M,2,3,4,5,17
FEDXA03,M,2,3,5,9,10
FEDXA03,M,2,3,6,0,7
FEDXA03,M,2,3,7,4,6
FEDXA03,M,2,3,8,4,9
FEDXA03,M,2,3,9,0,0
FEDXA03,M,2,3,10,9,4
FEDXA03,M,2,3,11,2,7
FEDXA03,M,2,3,12,10,7
FEDXA03,M,2,3,13,23,19
FEDXA03,M,2,3,14,18,27
FEDXA03,M,2,3,15,26,21
FEDXA03,M,2,3,16,18,27
FEDXA03,M,2,3,17,15,19
FEDXA03,M,2,3,18,24,23
FEDXA03,M,2,3,19,5,17
FEDXA03,M,2,3,20,5,7
FEDXA03,M,2,3,21,18,10
FEDXA03,M,2,3,22,0,9
FEDXA03,M,2,3,23,16,5
FEDXA03,M,2,4,0,20,0
FEDXA03,M,2,4,1,8,18
FEDXA03,M,2,4,2,17,11
FEDXA03,M,2,4,3,1,12
FEDXA03,M,2,4,4,17,7
FEDXA03,M,2,4,5,0,14
FEDXA03,M,2,4,6,11,0
FEDXA03,M,2,4,7,0,5
FEDXA03,M,2,4,8,1,0
FEDXA03,M,2,4,9,4,5
FEDXA03,M,2,4,10,11,0
FEDXA03,M,2,4,11,11,0
FEDXA03,M,2,4,12,10,13
FEDXA03,M,2,4,13,22,15
FEDXA03,M,2,4,14,24,23
FEDXA03,M,2,4,15,35,30
FEDXA03,M,2,4,16,24,16
FEDXA03,M,2,4,17,25,21
FEDXA03,M,2,4,18,8,18
FEDXA03,M,2,4,19,16,9
FEDXA03,M,2,4,20,7,9
FEDXA03,M,2,4,21,0,7
FEDXA03,M,2,4,22,14,6
FEDXA03,M,2,4,23,7,12
FEDXA03,M,2,5,0,16,8
FEDXA03,M,2,5,1,12,8
FEDXA03,M,2,5,2,14,6
FEDXA03,M,2,5,3,4,9
FEDXA03,M,2,5,4,12,9
FEDXA03,M,2,5,5,0,5
FEDXA03,M,2,5,6,6,0
FEDXA03,M,2,5,7,0,7
FEDXA03,M,2,5,8,0,7
FEDXA03,M,2,5,9,6,1
FEDXA03,M,2,5,10,9,0
FEDXA03,M,2,5,11,7,10
FEDXA03,M,2,5,12,14,4
FEDXA03,M,2,5,13,17,14
FEDXA03,M,2,5,14,26,24
FEDXA03,M,2,5,15,28,19
FEDXA03,M,2,5,16,19,17
FEDXA03,M,2,5,17,19,26
FEDXA03,M,2,5,18,23,6
FEDXA03,M,2,5,19,3,20
FEDXA03,M,2,5,20,18,0
FEDXA03,M,2,5,21,10,16
FEDXA03,M,2,5,22,6,0
FEDXA03,M,2,5,23,11,6
FEDXA03,M,2,6,0,10,14
FEDXA03,M,2,6,1,17,13
FEDXA03,M,2,6,2,10,8
FEDXA03,M,2,6,3,11,3
FEDXA03,M,2,6,4,7,11
FEDXA03,M,2,6,5,6,5
FEDXA03,M,2,6,6,0,0
FEDXA03,M,2,6,7,12,7
FEDXA03,M,2,6,8,4,0
FEDXA03,M,2,6,9,3,4
FEDXA03,M,2,6,10,7,4
FEDXA03,M,2,6,11,1,6
FEDXA03,M,2,6,12,15,11
FEDXA03,M,2,6,13,25,18
FEDXA03,M,2,6,14,34,20
FEDXA03,M,2,6,15,23,19
FEDXA03,M,2,6,16,26,17
FEDXA03,M,2,6,17,28,18
FEDXA03,M,2,6,18,20,13
FEDXA03,M,2,6,19,17,18
FEDXA03,M,2,6,20,16,6
FEDXA03,M,2,6,21,9,8
FEDXA03,M,2,6,22,1,0
FEDXA03,M,2,6,23,16,5
FEDXA04,M,2,0,0,0,0
FEDXA04,M,2,0,1,0,0
FEDXA04,M,2,0,2,2,0
FEDXA04,M,2,0,3,4,30
FEDXA04,M,2,0,4,0,8
FEDXA04,M,2,0,5,12,26
FEDXA04,M,2,0,6,0,0
FEDXA04,M,2,0,7,0,7
FEDXA04,M,2,0,8,9,11
FEDXA04,M,2,0,9,0,0
FEDXA04,M,2,0,10,10,10
FEDXA04,M,2,0,11,10,12
FEDXA04,M,2,0,12,7,20
FEDXA04,M,2,0,13,12,12
FEDXA04,M,2,0,14,12,27
FEDXA04,M,2,0,15,13,32
FEDXA04,M,2,0,16,12,27
FEDXA04,M,2,0,17,19,13
FEDXA04,M,2,0,18,8,0
FEDXA04,M,2,0,19,11,23
FEDXA04,M,2,0,20,0,2
FEDXA04,M,2,0,21,7,8
FEDXA04,M,2,0,22,7,10
FEDXA04,M,2,0,23,9,15
FEDXA04,M,2,1,0,4,8
FEDXA04,M,2,1,1,0,0
FEDXA04,M,2,1,2,8,6
FEDXA04,M,2,1,3,0,7
FEDXA04,M,2,1,4,8,15
FEDXA04,M,2,1,5,0,0
FEDXA04,M,2,1,6,0,0
FEDXA04,M,2,1,7,3,7
FEDXA04,M,2,1,8,0,5
FEDXA04,M,2,1,9,8,0
FEDXA04,M,2,1,10,0,3
FEDXA04,M,2,1,11,7,8
FEDXA04,M,2,1,12,6,16
FEDXA04,M,2,1,13,8,18
FEDXA04,M,2,1,14,9,25
FEDXA04,M,2,1,15,14,31
FEDXA04,M,2,1,16,8,33
FEDXA04,M,2,1,17,11,27
FEDXA04,M,2,1,18,18,3
FEDXA04,M,2,1,19,1,7
FEDXA04,M,2,1,20,6,6
FEDXA04,M,2,1,21,9,8
FEDXA04,M,2,1,22,0,16
FEDXA04,M,2,1,23,16,18
FEDXA04,M,2,2,0,6,1
FEDXA04,M,2,2,1,0,4
FEDXA04,M,2,2,2,0,15
FEDXA04,M,2,2,3,13,10
FEDXA04,M,2,2,4,0,0
FEDXA04,M,2,2,5,4,7
FEDXA04,M,2,2,6,6,0
FEDXA04,M,2,2,7,0,8
FEDXA04,M,2,2,8,8,0
FEDXA04,M,2,2,9,0,7
FEDXA04,M,2,2,10,0,0
FEDXA04,M,2,2,11,4,7
FEDXA04,M,2,2,12,12,16
FEDXA04,M,2,2,13,11,19
FEDXA04,M,2,2,14,16,25
FEDXA04,M,2,2,15,13,19
FEDXA04,M,2,2,16,14,21
FEDXA04,M,2,2,17,11,30
FEDXA04,M,2,2,18,17,3
FEDXA04,M,2,2,19,11,16
FEDXA04,M,2,2,20,0,0
FEDXA04,M,2,2,21,8,9
FEDXA04,M,2,2,22,8,6
FEDXA04,M,2,2,23,6,17
FEDXA04,M,2,3,0,4,0
FEDXA04,M,2,3,1,3,0
FEDXA04,M,2,3,2,0,12
FEDXA04,M,2,3,3,10,7
FEDXA04,M,2,3,4,0,8
FEDXA04,M,2,3,5,7,0
FEDXA04,M,2,3,6,0,0
FEDXA04,M,2,3,7,6,6
FEDXA04,M,2,3,8,0,0
FEDXA04,M,2,3,9,7,6
FEDXA04,M,2,3,10,8,0
FEDXA04,M,2,3,11,4,7
FEDXA04,M,2,3,12,11,5
FEDXA04,M,2,3,13,12,23
FEDXA04,M,2,3,14,12,28
FEDXA04,M,2,3,15,20,20
FEDXA04,M,2,3,16,20,24
FEDXA04,M,2,3,17,14,9
FEDXA04,M,2,3,18,11,29
FEDXA04,M,2,3,19,11,6
FEDXA04,M,2,3,20,0,0
FEDXA04,M,2,3,21,9,0
FEDXA04,M,2,3,22,6,0
FEDXA04,M,2,3,23,1,20
FEDXA04,M,2,4,0,12,0
FEDXA04,M,2,4,1,7,6
FEDXA04,M,2,4,2,8,12
FEDXA04,M,2,4,3,5,7
FEDXA04,M,2,4,4,6,0
FEDXA04,M,2,4,5,7,9
FEDXA04,M,2,4,6,0,4
FEDXA04,M,2,4,7,11,5
FEDXA04,M,2,4,8,0,1
FEDXA04,M,2,4,9,13,0
FEDXA04,M,2,4,10,4,8
FEDXA04,M,2,4,11,4,7
FEDXA04,M,2,4,12,10,8
FEDXA04,M,2,4,13,10,17
FEDXA04,M,2,4,14,17,29
FEDXA04,M,2,4,15,22,22
FEDXA04,M,2,4,16,19,22
FEDXA04,M,2,4,17,24,8
FEDXA04,M,2,4,18,22,27
FEDXA04,M,2,4,19,22,8
FEDXA04,M,2,4,20,5,4
FEDXA04,M,2,4,21,0,13
FEDXA04,M,2,4,22,11,9
FEDXA04,M,2,4,23,13,13
FEDXA04,M,2,5,0,11,18
FEDXA04,M,2,5,1,25,0
FEDXA04,M,2,5,2,1,8
FEDXA04,M,2,5,3,0,13
FEDXA04,M,2,5,4,7,5
FEDXA04,M,2,5,5,5,4
FEDXA04,M,2,5,6,8,0
FEDXA04,M,2,5,7,3,4
FEDXA04,M,2,5,8,0,6
FEDXA04,M,2,5,9,14,10
FEDXA04,M,2,5,10,1,0
FEDXA04,M,2,5,11,8,8
FEDXA04,M,2,5,12,18,12
FEDXA04,M,2,5,13,23,17
FEDXA04,M,2,5,14,24,22
FEDXA04,M,2,5,15,23,30
FEDXA04,M,2,5,16,21,16
FEDXA04,M,2,5,17,21,12
FEDXA04,M,2,5,18,22,9
FEDXA04,M,2,5,19,15,3
FEDXA04,M,2,5,20,3,19
FEDXA04,M,2,5,21,0,0
FEDXA04,M,2,5,22,8,10
FEDXA04,M,2,5,23,11,13
FEDXA04,M,2,6,0,21,0
FEDXA04,M,2,6,1,10,17
FEDXA04,M,2,6,2,11,5
FEDXA04,M,2,6,3,5,7
FEDXA04,M,2,6,4,13,0
FEDXA04,M,2,6,5,0,7
FEDXA04,M,2,6,6,9,0
FEDXA04,M,2,6,7,0,0
FEDXA04,M,2,6,8,6,7
FEDXA04,M,2,6,9,17,0
FEDXA04,M,2,6,10,0,6
FEDXA04,M,2,6,11,7,7
FEDXA04,M,2,6,12,15,10
FEDXA04,M,2,6,13,16,18
FEDXA04,M,2,6,14,33,21
FEDXA04,M,2,6,15,32,32
FEDXA04,M,2,6,16,17,20
FEDXA04,M,2,6,17,23,0
FEDXA04,M,2,6,18,16,21
FEDXA04,M,2,6,19,7,0
FEDXA04,M,2,6,20,18,11
FEDXA04,M,2,6,21,16,9
FEDXA04,M,2,6,22,0,12
FEDXA04,M,2,6,23,13,5
FEDXA05,M,2,0,0,0,0
FEDXA05,M,2,0,1,0,0
FEDXA05,M,2,0,2,0,0
FEDXA05,M,2,0,3,3,5
FEDXA05,M,2,0,4,5,11
FEDXA05,M,2,0,5,10,17
FEDXA05,M,2,0,6,0,0
FEDXA05,M,2,0,7,0,9
FEDXA05,M,2,0,8,4,12
FEDXA05,M,2,0,9,0,0
FEDXA05,M,2,0,10,11,8
FEDXA05,M,2,0,11,1,16
FEDXA05,M,2,0,12,8,15
FEDXA05,M,2,0,13,7,18
FEDXA05,M,2,0,14,18,19
FEDXA05,M,2,0,15,10,22
FEDXA05,M,2,0,16,20,28
FEDXA05,M,2,0,17,2,23
FEDXA05,M,2,0,18,19,16
FEDXA05,M,2,0,19,11,7
FEDXA05,M,2,0,20,2,16
FEDXA05,M,2,0,21,9,9
FEDXA05,M,2,0,22,6,5
FEDXA05,M,2,0,23,8,11
FEDXA05,M,2,1,0,4,14
FEDXA05,M,2,1,1,5,8
FEDXA05,M,2,1,2,10,8
FEDXA05,M,2,1,3,0,2
FEDXA05,M,2,1,4,4,5
FEDXA05,M,2,1,5,6,10
FEDXA05,M,2,1,6,0,0
FEDXA05,M,2,1,7,4,0
FEDXA05,M,2,1,8,0,6
FEDXA05,M,2,1,9,4,7
FEDXA05,M,2,1,10,3,0
FEDXA05,M,2,1,11,5,10
FEDXA05,M,2,1,12,9,10
FEDXA05,M,2,1,13,12,21
FEDXA05,M,2,1,14,11,28
FEDXA05,M,2,1,15,14,25
FEDXA05,M,2,1,16,18,8
FEDXA05,M,2,1,17,9,24
FEDXA05,M,2,1,18,16,27
FEDXA05,M,2,1,19,10,7
FEDXA05,M,2,1,20,3,8
FEDXA05,M,2,1,21,10,8
FEDXA05,M,2,1,22,2,12
FEDXA05,M,2,1,23,8,11
FEDXA05,M,2,2,0,8,20
FEDXA05,M,2,2,1,9,6
FEDXA05,M,2,2,2,0,9
FEDXA05,M,2,2,3,8,5
FEDXA05,M,2,2,4,0,0
FEDXA05,M,2,2,5,9,9
FEDXA05,M,2,2,6,0,0
FEDXA05,M,2,2,7,0,9
FEDXA05,M,2,2,8,6,0
FEDXA05,M,2,2,9,0,7
FEDXA05,M,2,2,10,4,9
FEDXA05,M,2,2,11,6,5
FEDXA05,M,2,2,12,11,13
FEDXA05,M,2,2,13,13,20
FEDXA05,M,2,2,14,13,31
FEDXA05,M,2,2,15,11,15
FEDXA05,M,2,2,16,14,22
FEDXA05,M,2,2,17,14,22
FEDXA05,M,2,2,18,20,8
FEDXA05,M,2,2,19,27,15
FEDXA05,M,2,2,20,10,6
FEDXA05,M,2,2,21,8,14
FEDXA05,M,2,2,22,2,9
FEDXA05,M,2,2,23,11,0
FEDXA05,M,2,3,0,8,10
FEDXA05,M,2,3,1,4,7
FEDXA05,M,2,3,2,14,5
FEDXA05,M,2,3,3,2,14
FEDXA05,M,2,3,4,9,16
FEDXA05,M,2,3,5,0,5
FEDXA05,M,2,3,6,0,0
FEDXA05,M,2,3,7,8,8
FEDXA05,M,2,3,8,1,3
FEDXA05,M,2,3,9,9,0
FEDXA05,M,2,3,10,5,3
FEDXA05,M,2,3,11,4,8
FEDXA05,M,2,3,12,11,15
FEDXA05,M,2,3,13,10,20
FEDXA05,M,2,3,14,18,25
FEDXA05,M,2,3,15,15,12
FEDXA05,M,2,3,16,22,28
FEDXA05,M,2,3,17,19,4
FEDXA05,M,2,3,18,19,29
FEDXA05,M,2,3,19,18,11
FEDXA05,M,2,3,20,9,21
FEDXA05,M,2,3,21,0,5
FEDXA05,M,2,3,22,12,10
FEDXA05,M,2,3,23,3,8
FEDXA05,M,2,4,0,14,13
FEDXA05,M,2,4,1,0,8
FEDXA05,M,2,4,2,12,4
FEDXA05,M,2,4,3,2,8
FEDXA05,M,2,4,4,13,0
FEDXA05,M,2,4,5,14,8
FEDXA05,M,2,4,6,3,0
FEDXA05,M,2,4,7,0,8
FEDXA05,M,2,4,8,12,7
FEDXA05,M,2,4,9,4,0
FEDXA05,M,2,4,10,12,8
FEDXA05,M,2,4,11,12,2
FEDXA05,M,2,4,12,8,12
FEDXA05,M,2,4,13,14,20
FEDXA05,M,2,4,14,22,25
FEDXA05,M,2,4,15,16,25
FEDXA05,M,2,4,16,24,13
FEDXA05,M,2,4,17,14,23
FEDXA05,M,2,4,18,17,11
FEDXA05,M,2,4,19,20,6
FEDXA05,M,2,4,20,4,16
FEDXA05,M,2,4,21,7,3
FEDXA05,M,2,4,22,9,5
FEDXA05,M,2,4,23,0,13
FEDXA05,M,2,5,0,15,16
FEDXA05,M,2,5,1,7,0
FEDXA05,M,2,5,2,17,10
FEDXA05,M,2,5,3,0,4
FEDXA05,M,2,5,4,6,0
FEDXA05,M,2,5,5,8,1
FEDXA05,M,2,5,6,8,6
FEDXA05,M,2,5,7,0,0
FEDXA05,M,2,5,8,5,8
FEDXA05,M,2,5,9,4,6
FEDXA05,M,2,5,10,6,7
FEDXA05,M,2,5,11,6,11
FEDXA05,M,2,5,12,16,15
FEDXA05,M,2,5,13,17,14
FEDXA05,M,2,5,14,20,23
FEDXA05,M,2,5,15,19,4
FEDXA05,M,2,5,16,25,25
FEDXA05,M,2,5,17,17,26
FEDXA05,M,2,5,18,17,11
FEDXA05,M,2,5,19,7,11
FEDXA05,M,2,5,20,11,7
FEDXA05,M,2,5,21,3,14
FEDXA05,M,2,5,22,8,6
FEDXA05,M,2,5,23,7,14
FEDXA05,M,2,6,0,11,10
FEDXA05,M,2,6,1,10,12
FEDXA05,M,2,6,2,8,9
FEDXA05,M,2,6,3,14,2
FEDXA05,M,2,6,4,6,6
FEDXA05,M,2,6,5,8,0
FEDXA05,M,2,6,6,2,1
FEDXA05,M,2,6,7,5,0
FEDXA05,M,2,6,8,6,5
FEDXA05,M,2,6,9,7,0
FEDXA05,M,2,6,10,4,4
FEDXA05,M,2,6,11,10,11
FEDXA05,M,2,6,12,12,7
FEDXA05,M,2,6,13,19,16
FEDXA05,M,2,6,14,20,27
FEDXA05,M,2,6,15,26,23
FEDXA05,M,2,6,16,23,7
FEDXA05,M,2,6,17,18,20
FEDXA05,M,2,6,18,16,18
FEDXA05,M,2,6,19,12,7
FEDXA05,M,2,6,20,11,13
FEDXA05,M,2,6,21,17,8
FEDXA05,M,2,6,22,0,9
FEDXA05,M,2,6,23,14,4
FEDXA06,M,2,0,0,0,0
FEDXA06,M,2,0,1,0,0
FEDXA06,M,2,0,2,0,0
FEDXA06,M,2,0,3,12,6
FEDXA06,M,2,0,4,8,4
FEDXA06,M,2,0,5,12,17
FEDXA06,M,2,0,6,6,1
FEDXA06,M,2,0,7,0,0
FEDXA06,M,2,0,8,9,3
FEDXA06,M,2,0,9,9,6
FEDXA06,M,2,0,10,0,0
FEDXA06,M,2,0,11,8,10
FEDXA06,M,2,0,12,8,7
FEDXA06,M,2,0,13,20,23
FEDXA06,M,2,0,14,18,28
FEDXA06,M,2,0,15,16,19
FEDXA06,M,2,0,16,12,8
FEDXA06,M,2,0,17,15,22
FEDXA06,M,2,0,18,12,14
FEDXA06,M,2,0,19,0,23
FEDXA06,M,2,0,20,18,1
FEDXA06,M,2,0,21,11,17
FEDXA06,M,2,0,22,9,15
FEDXA06,M,2,0,23,12,4
FEDXA06,M,2,1,0,2,7
FEDXA06,M,2,1,1,4,0
FEDXA06,M,2,1,2,6,7
FEDXA06,M,2,1,3,1,0
FEDXA06,M,2,1,4,6,11
FEDXA06,M,2,1,5,0,4
FEDXA06,M,2,1,6,0,0
FEDXA06,M,2,1,7,0,3
FEDXA06,M,2,1,8,12,7
FEDXA06,M,2,1,9,0,0
FEDXA06,M,2,1,10,5,0
FEDXA06,M,2,1,11,0,7
FEDXA06,M,2,1,12,11,3
FEDXA06,M,2,1,13,16,18
FEDXA06,M,2,1,14,17,13
FEDXA06,M,2,1,15,17,28
FEDXA06,M,2,1,16,4,16
FEDXA06,M,2,1,17,21,13
FEDXA06,M,2,1,18,13,22
FEDXA06,M,2,1,19,8,1
FEDXA06,M,2,1,20,2,7
FEDXA06,M,2,1,21,12,18
FEDXA06,M,2,1,22,12,19
FEDXA06,M,2,1,23,11,7
FEDXA06,M,2,2,0,5,6
FEDXA06,M,2,2,1,5,3
FEDXA06,M,2,2,2,0,5
FEDXA06,M,2,2,3,13,4
FEDXA06,M,2,2,4,7,4
FEDXA06,M,2,2,5,0,5
FEDXA06,M,2,2,6,0,0
FEDXA06,M,2,2,7,10,2
FEDXA06,M,2,2,8,0,3
FEDXA06,M,2,2,9,0,0
FEDXA06,M,2,2,10,4,4
FEDXA06,M,2,2,11,1,0
FEDXA06,M,2,2,12,11,8
FEDXA06,M,2,2,13,20,16
FEDXA06,M,2,2,14,9,27
FEDXA06,M,2,2,15,18,16
FEDXA06,M,2,2,16,19,8
FEDXA06,M,2,2,17,8,20
FEDXA06,M,2,2,18,14,16
FEDXA06,M,2,2,19,16,6
FEDXA06,M,2,2,20,8,10
FEDXA06,M,2,2,21,8,9
FEDXA06,M,2,2,22,11,9
FEDXA06,M,2,2,23,12,3
FEDXA06,M,2,3,0,11,11
FEDXA06,M,2,3,1,3,5
FEDXA06,M,2,3,2,6,4
FEDXA06,M,2,3,3,4,6
FEDXA06,M,2,3,4,2,7
FEDXA06,M,2,3,5,5,0
FEDXA06,M,2,3,6,1,0
FEDXA06,M,2,3,7,7,5
FEDXA06,M,2,3,8,1,0
FEDXA06,M,2,3,9,5,4
FEDXA06,M,2,3,10,4,0
FEDXA06,M,2,3,11,0,4
FEDXA06,M,2,3,12,8,6
FEDXA06,M,2,3,13,17,21
FEDXA06,M,2,3,14,17,22
FEDXA06,M,2,3,15,17,7
FEDXA06,M,2,3,16,7,22
FEDXA06,M,2,3,17,18,13
FEDXA06,M,2,3,18,13,14
FEDXA06,M,2,3,19,13,5
FEDXA06,M,2,3,20,8,11
FEDXA06,M,2,3,21,13,6
FEDXA06,M,2,3,22,9,14
FEDXA06,M,2,3,23,13,17
FEDXA06,M,2,4,0,4,2
FEDXA06,M,2,4,1,6,3
FEDXA06,M,2,4,2,3,1
FEDXA06,M,2,4,3,6,7
FEDXA06,M,2,4,4,3,9
FEDXA06,M,2,4,5,0,6
FEDXA06,M,2,4,6,6,0
FEDXA06,M,2,4,7,0,1
FEDXA06,M,2,4,8,1,5
FEDXA06,M,2,4,9,0,0
FEDXA06,M,2,4,10,6,5
FEDXA06,M,2,4,11,5,5
FEDXA06,M,2,4,12,8,8
FEDXA06,M,2,4,13,14,16
FEDXA06,M,2,4,14,23,19
FEDXA06,M,2,4,15,19,13
FEDXA06,M,2,4,16,21,14
FEDXA06,M,2,4,17,21,19
FEDXA06,M,2,4,18,13,11
FEDXA06,M,2,4,19,13,4
FEDXA06,M,2,4,20,5,18
FEDXA06,M,2,4,21,17,13
FEDXA06,M,2,4,22,15,11
FEDXA06,M,2,4,23,15,3
FEDXA06,M,2,5,0,13,8
FEDXA06,M,2,5,1,5,0
FEDXA06,M,2,5,2,2,4
FEDXA06,M,2,5,3,7,7
FEDXA06,M,2,5,4,0,0
FEDXA06,M,2,5,5,3,4
FEDXA06,M,2,5,6,1,7
FEDXA06,M,2,5,7,0,0
FEDXA06,M,2,5,8,3,0
FEDXA06,M,2,5,9,0,0
FEDXA06,M,2,5,10,8,6
FEDXA06,M,2,5,11,0,0
FEDXA06,M,2,5,12,10,7
FEDXA06,M,2,5,13,20,17
FEDXA06,M,2,5,14,12,11
FEDXA06,M,2,5,15,21,20
FEDXA06,M,2,5,16,15,7
FEDXA06,M,2,5,17,24,20
FEDXA06,M,2,5,18,13,14
FEDXA06,M,2,5,19,11,8
FEDXA06,M,2,5,20,8,11
FEDXA06,M,2,5,21,13,8
FEDXA06,M,2,5,22,14,6
FEDXA06,M,2,5,23,12,12
FEDXA06,M,2,6,0,9,0
FEDXA06,M,2,6,1,6,7
FEDXA06,M,2,6,2,10,8
FEDXA06,M,2,6,3,2,5
FEDXA06,M,2,6,4,12,0
FEDXA06,M,2,6,5,8,2
FEDXA06,M,2,6,6,0,1
FEDXA06,M,2,6,7,0,5
FEDXA06,M,2,6,8,3,2
FEDXA06,M,2,6,9,0,0
FEDXA06,M,2,6,10,3,7
FEDXA06,M,2,6,11,3,5
FEDXA06,M,2,6,12,8,2
FEDXA06,M,2,6,13,25,21
FEDXA06,M,2,6,14,21,10
FEDXA06,M,2,6,15,13,19
FEDXA06,M,2,6,16,21,22
FEDXA06,M,2,6,17,13,14
FEDXA06,M,2,6,18,14,7
FEDXA06,M,2,6,19,17,17
FEDXA06,M,2,6,20,8,0
FEDXA06,M,2,6,21,17,11
FEDXA06,M,2,6,22,17,8
FEDXA06,M,2,6,23,10,14
FEDXA07,M,1,0,0,0,0
FEDXA07,M,1,0,1,0,0
FEDXA07,M,1,0,2,0,2
FEDXA07,M,1,0,3,0,1
FEDXA07,M,1,0,4,7,6
FEDXA07,M,1,0,5,2,7
FEDXA07,M,1,0,6,2,7
FEDXA07,M,1,0,7,0,4
FEDXA07,M,1,0,8,3,0
FEDXA07,M,1,0,9,0,9
FEDXA07,M,1,0,10,8,9
FEDXA07,M,1,0,11,6,0
FEDXA07,M,1,0,12,8,16
FEDXA07,M,1,0,13,10,8
FEDXA07,M,1,0,14,14,18
FEDXA07,M,1,0,15,10,10
FEDXA07,M,1,0,16,8,18
FEDXA07,M,1,0,17,17,16
FEDXA07,M,1,0,18,15,17
FEDXA07,M,1,0,19,0,0
FEDXA07,M,1,0,20,11,16
FEDXA07,M,1,0,21,0,0
FEDXA07,M,1,0,22,7,5
FEDXA07,M,1,0,23,14,8
FEDXA07,M,1,1,0,10,0
FEDXA07,M,1,1,1,6,12
FEDXA07,M,1,1,2,6,6
FEDXA07,M,1,1,3,0,8
FEDXA07,M,1,1,4,8,12
FEDXA07,M,1,1,5,2,0
FEDXA07,M,1,1,6,0,0
FEDXA07,M,1,1,7,4,8
FEDXA07,M,1,1,8,0,9
FEDXA07,M,1,1,9,7,0
FEDXA07,M,1,1,10,4,15
FEDXA07,M,1,1,11,7,0
FEDXA07,M,1,1,12,7,7
FEDXA07,M,1,1,13,10,7
FEDXA07,M,1,1,14,13,11
FEDXA07,M,1,1,15,13,15
FEDXA07,M,1,1,16,13,0
FEDXA07,M,1,1,17,0,23
FEDXA07,M,1,1,18,20,18
FEDXA07,M,1,1,19,9,3
FEDXA07,M,1,1,20,6,14
FEDXA07,M,1,1,21,7,0
FEDXA07,M,1,1,22,7,9
FEDXA07,M,1,1,23,8,12
FEDXA07,M,1,2,0,8,6
FEDXA07,M,1,2,1,6,7
FEDXA07,M,1,2,2,9,0
FEDXA07,M,1,2,3,4,10
FEDXA07,M,1,2,4,0,8
FEDXA07,M,1,2,5,5,0
FEDXA07,M,1,2,6,3,4
FEDXA07,M,1,2,7,3,0
FEDXA07,M,1,2,8,0,7
FEDXA07,M,1,2,9,7,0
FEDXA07,M,1,2,10,4,10
FEDXA07,M,1,2,11,6,7
FEDXA07,M,1,2,12,7,8
FEDXA07,M,1,2,13,11,8
FEDXA07,M,1,2,14,12,6
FEDXA07,M,1,2,15,20,15
FEDXA07,M,1,2,16,14,18
FEDXA07,M,1,2,17,15,17
FEDXA07,M,1,2,18,12,13
FEDXA07,M,1,2,19,3,5
FEDXA07,M,1,2,20,7,11
FEDXA07,M,1,2,21,2,0
FEDXA07,M,1,2,22,0,9
FEDXA07,M,1,2,23,10,12
FEDXA07,M,1,3,0,0,9
FEDXA07,M,1,3,1,19,1
FEDXA07,M,1,3,2,8,0
FEDXA07,M,1,3,3,6,11
FEDXA07,M,1,3,4,3,3
FEDXA07,M,1,3,5,5,8
FEDXA07,M,1,3,6,1,3
FEDXA07,M,1,3,7,5,4
FEDXA07,M,1,3,8,0,8
FEDXA07,M,1,3,9,3,8
FEDXA07,M,1,3,10,7,0
FEDXA07,M,1,3,11,4,9
FEDXA07,M,1,3,12,11,9
FEDXA07,M,1,3,13,9,9
FEDXA07,M,1,3,14,16,20
FEDXA07,M,1,3,15,15,0
FEDXA07,M,1,3,16,14,16
FEDXA07,M,1,3,17,13,19
FEDXA07,M,1,3,18,15,0
FEDXA07,M,1,3,19,6,11
FEDXA07,M,1,3,20,8,0
FEDXA07,M,1,3,21,3,6
FEDXA07,M,1,3,22,14,0
FEDXA07,M,1,3,23,3,11
FEDXA07,M,1,4,0,10,0
FEDXA07,M,1,4,1,8,11
FEDXA07,M,1,4,2,8,8
FEDXA07,M,1,4,3,6,0
FEDXA07,M,1,4,4,3,8
FEDXA07,M,1,4,5,10,0
FEDXA07,M,1,4,6,6,10
FEDXA07,M,1,4,7,0,0
FEDXA07,M,1,4,8,5,7
FEDXA07,M,1,4,9,7,5
FEDXA07,M,1,4,10,1,5
FEDXA07,M,1,4,11,6,6
FEDXA07,M,1,4,12,9,10
FEDXA07,M,1,4,13,13,9
FEDXA07,M,1,4,14,19,16
FEDXA07,M,1,4,15,14,14
FEDXA07,M,1,4,16,14,21
FEDXA07,M,1,4,17,17,9
FEDXA07,M,1,4,18,9,5
FEDXA07,M,1,4,19,10,15
FEDXA07,M,1,4,20,9,0
FEDXA07,M,1,4,21,0,10
FEDXA07,M,1,4,22,7,13
FEDXA07,M,1,4,23,7,0
FEDXA07,M,1,5,0,4,14
FEDXA07,M,1,5,1,8,5
FEDXA07,M,1,5,2,13,5
FEDXA07,M,1,5,3,8,11
FEDXA07,M,1,5,4,6,0
FEDXA07,M,1,5,5,6,7
FEDXA07,M,1,5,6,0,0
FEDXA07,M,1,5,7,5,10
FEDXA07,M,1,5,8,9,6
FEDXA07,M,1,5,9,8,9
FEDXA07,M,1,5,10,8,0
FEDXA07,M,1,5,11,4,7
FEDXA07,M,1,5,12,9,10
FEDXA07,M,1,5,13,11,12
FEDXA07,M,1,5,14,19,19
FEDXA07,M,1,5,15,13,12
FEDXA07,M,1,5,16,16,19
FEDXA07,M,1,5,17,16,0
FEDXA07,M,1,5,18,7,20
FEDXA07,M,1,5,19,8,3
FEDXA07,M,1,5,20,10,7
FEDXA07,M,1,5,21,7,15
FEDXA07,M,1,5,22,0,0
FEDXA07,M,1,5,23,6,14
FEDXA07,M,1,6,0,10,0
FEDXA07,M,1,6,1,10,11
FEDXA07,M,1,6,2,12,0
FEDXA07,M,1,6,3,4,10
FEDXA07,M,1,6,4,0,0
FEDXA07,M,1,6,5,8,5
FEDXA07,M,1,6,6,0,9
FEDXA07,M,1,6,7,6,4
FEDXA07,M,1,6,8,2,0
FEDXA07,M,1,6,9,0,8
FEDXA07,M,1,6,10,7,8
FEDXA07,M,1,6,11,7,7
FEDXA07,M,1,6,12,9,5
FEDXA07,M,1,6,13,10,14
FEDXA07,M,1,6,14,16,15
FEDXA07,M,1,6,15,19,17
FEDXA07,M,1,6,16,11,6
FEDXA07,M,1,6,17,18,23
FEDXA07,M,1,6,18,9,8
FEDXA07,M,1,6,19,0,11
FEDXA07,M,1,6,20,20,11
FEDXA07,M,1,6,21,0,0
FEDXA07,M,1,6,22,9,12
FEDXA07,M,1,6,23,9,5
FEDXA08,M,1,0,0,0,0
FEDXA08,M,1,0,1,0,0
FEDXA08,M,1,0,2,0,3
FEDXA08,M,1,0,3,0,13
FEDXA08,M,1,0,4,6,0
FEDXA08,M,1,0,5,2,0
FEDXA08,M,1,0,6,0,0
FEDXA08,M,1,0,7,4,11
FEDXA08,M,1,0,8,0,0
FEDXA08,M,1,0,9,6,5
FEDXA08,M,1,0,10,8,0
FEDXA08,M,1,0,11,7,9
FEDXA08,M,1,0,12,5,6
FEDXA08,M,1,0,13,16,17
FEDXA08,M,1,0,14,11,16
FEDXA08,M,1,0,15,16,11
FEDXA08,M,1,0,16,8,9
FEDXA08,M,1,0,17,13,15
FEDXA08,M,1,0,18,4,12
FEDXA08,M,1,0,19,6,12
FEDXA08,M,1,0,20,9,2
FEDXA08,M,1,0,21,5,8
FEDXA08,M,1,0,22,6,8
FEDXA08,M,1,0,23,1,11
FEDXA08,M,1,1,0,11,0
FEDXA08,M,1,1,1,0,10
FEDXA08,M,1,1,2,9,8
FEDXA08,M,1,1,3,0,0
FEDXA08,M,1,1,4,6,10
FEDXA08,M,1,1,5,0,6
FEDXA08,M,1,1,6,0,11
FEDXA08,M,1,1,7,0,0
FEDXA08,M,1,1,8,6,0
FEDXA08,M,1,1,9,5,13
FEDXA08,M,1,1,10,4,7
FEDXA08,M,1,1,11,6,7
FEDXA08,M,1,1,12,11,12
FEDXA08,M,1,1,13,10,9
FEDXA08,M,1,1,14,11,17
FEDXA08,M,1,1,15,13,16
FEDXA08,M,1,1,16,4,22
FEDXA08,M,1,1,17,12,3
FEDXA08,M,1,1,18,8,17
FEDXA08,M,1,1,19,8,11
FEDXA08,M,1,1,20,10,11
FEDXA08,M,1,1,21,4,6
FEDXA08,M,1,1,22,4,0
FEDXA08,M,1,1,23,7,12
FEDXA08,M,1,2,0,9,9
FEDXA08,M,1,2,1,2,10
FEDXA08,M,1,2,2,7,10
FEDXA08,M,1,2,3,5,5
FEDXA08,M,1,2,4,0,7
FEDXA08,M,1,2,5,7,2
FEDXA08,M,1,2,6,3,4
FEDXA08,M,1,2,7,0,0
FEDXA08,M,1,2,8,0,8
FEDXA08,M,1,2,9,8,0
FEDXA08,M,1,2,10,0,7
FEDXA08,M,1,2,11,6,7
FEDXA08,M,1,2,12,10,8
FEDXA08,M,1,2,13,18,11
FEDXA08,M,1,2,14,9,19
FEDXA08,M,1,2,15,8,21
FEDXA08,M,1,2,16,7,20
FEDXA08,M,1,2,17,14,10
FEDXA08,M,1,2,18,11,16
FEDXA08,M,1,2,19,10,2
FEDXA08,M,1,2,20,3,10
FEDXA08,M,1,2,21,0,5
FEDXA08,M,1,2,22,7,9
FEDXA08,M,1,2,23,7,8
FEDXA08,M,1,3,0,6,9
FEDXA08,M,1,3,1,0,6
FEDXA08,M,1,3,2,6,0
FEDXA08,M,1,3,3,6,9
FEDXA08,M,1,3,4,6,6
FEDXA08,M,1,3,5,0,2
FEDXA08,M,1,3,6,5,0
FEDXA08,M,1,3,7,0,3
FEDXA08,M,1,3,8,0,4
FEDXA08,M,1,3,9,0,3
FEDXA08,M,1,3,10,7,2
FEDXA08,M,1,3,11,8,8
FEDXA08,M,1,3,12,9,7
FEDXA08,M,1,3,13,12,8
FEDXA08,M,1,3,14,15,16
FEDXA08,M,1,3,15,2,12
FEDXA08,M,1,3,16,19,12
FEDXA08,M,1,3,17,13,15
FEDXA08,M,1,3,18,0,11
FEDXA08,M,1,3,19,15,12
FEDXA08,M,1,3,20,8,1
FEDXA08,M,1,3,21,1,14
FEDXA08,M,1,3,22,5,1
FEDXA08,M,1,3,23,7,9
FEDXA08,M,1,4,0,4,7
FEDXA08,M,1,4,1,10,5
FEDXA08,M,1,4,2,4,5
FEDXA08,M,1,4,3,7,0
FEDXA08,M,1,4,4,3,10
FEDXA08,M,1,4,5,7,6
FEDXA08,M,1,4,6,2,0
FEDXA08,M,1,4,7,4,0
FEDXA08,M,1,4,8,0,9
FEDXA08,M,1,4,9,5,0
FEDXA08,M,1,4,10,0,5
FEDXA08,M,1,4,11,12,8
FEDXA08,M,1,4,12,6,7
FEDXA08,M,1,4,13,11,11
FEDXA08,M,1,4,14,19,18
FEDXA08,M,1,4,15,11,9
FEDXA08,M,1,4,16,14,17
FEDXA08,M,1,4,17,10,7
FEDXA08,M,1,4,18,11,17
FEDXA08,M,1,4,19,3,4
FEDXA08,M,1,4,20,10,4
FEDXA08,M,1,4,21,13,8
FEDXA08,M,1,4,22,3,3
FEDXA08,M,1,4,23,5,2
FEDXA08,M,1,5,0,11,12
FEDXA08,M,1,5,1,12,6
FEDXA08,M,1,5,2,4,3
FEDXA08,M,1,5,3,7,10
FEDXA08,M,1,5,4,0,0
FEDXA08,M,1,5,5,0,4
FEDXA08,M,1,5,6,2,0
FEDXA08,M,1,5,7,0,0
FEDXA08,M,1,5,8,6,0
FEDXA08,M,1,5,9,0,5
FEDXA08,M,1,5,10,0,13
FEDXA08,M,1,5,11,12,0
FEDXA08,M,1,5,12,0,10
FEDXA08,M,1,5,13,17,13
FEDXA08,M,1,5,14,7,14
FEDXA08,M,1,5,15,3,19
FEDXA08,M,1,5,16,17,3
FEDXA08,M,1,5,17,5,12
FEDXA08,M,1,5,18,12,9
FEDXA08,M,1,5,19,11,25
FEDXA08,M,1,5,20,2,14
FEDXA08,M,1,5,21,4,0
FEDXA08,M,1,5,22,9,0
FEDXA08,M,1,5,23,4,10
FEDXA08,M,1,6,0,7,11
FEDXA08,M,1,6,1,13,6
FEDXA08,M,1,6,2,5,1
FEDXA08,M,1,6,3,9,10
FEDXA08,M,1,6,4,0,4
FEDXA08,M,1,6,5,2,0
FEDXA08,M,1,6,6,0,7
FEDXA08,M,1,6,7,2,0
FEDXA08,M,1,6,8,0,7
FEDXA08,M,1,6,9,4,8
FEDXA08,M,1,6,10,8,0
FEDXA08,M,1,6,11,7,0
FEDXA08,M,1,6,12,12,15
FEDXA08,M,1,6,13,13,10
FEDXA08,M,1,6,14,14,7
FEDXA08,M,1,6,15,15,14
FEDXA08,M,1,6,16,11,19
FEDXA08,M,1,6,17,12,13
FEDXA08,M,1,6,18,5,15
FEDXA08,M,1,6,19,9,10
FEDXA08,M,1,6,20,4,2
FEDXA08,M,1,6,21,11,12
FEDXA08,M,1,6,22,0,0
FEDXA08,M,1,6,23,2,11
FEDXA09,M,1,0,0,0,0
FEDXA09,M,1,0,1,0,0
FEDXA09,M,1,0,2,0,0
FEDXA09,M,1,0,3,0,0
FEDXA09,M,1,0,4,4,5
FEDXA09,M,1,0,5,4,0
FEDXA09,M,1,0,6,2,8
FEDXA09,M,1,0,7,0,5
FEDXA09,M,1,0,8,5,11
FEDXA09,M,1,0,9,0,3
FEDXA09,M,1,0,10,3,8
FEDXA09,M,1,0,11,7,6
FEDXA09,M,1,0,12,4,10
FEDXA09,M,1,0,13,13,12
FEDXA09,M,1,0,14,20,20
FEDXA09,M,1,0,15,13,19
FEDXA09,M,1,0,16,6,10
FEDXA09,M,1,0,17,14,6
FEDXA09,M,1,0,18,16,15
FEDXA09,M,1,0,19,1,6
FEDXA09,M,1,0,20,7,3
FEDXA09,M,1,0,21,13,4
FEDXA09,M,1,0,22,2,4
FEDXA09,M,1,0,23,17,8
FEDXA09,M,1,1,0,6,1
FEDXA09,M,1,1,1,7,5
FEDXA09,M,1,1,2,8,10
FEDXA09,M,1,1,3,2,0
FEDXA09,M,1,1,4,5,5
FEDXA09,M,1,1,5,9,0
FEDXA09,M,1,1,6,0,4
FEDXA09,M,1,1,7,5,0
FEDXA09,M,1,1,8,0,6
FEDXA09,M,1,1,9,3,8
FEDXA09,M,1,1,10,0,0
FEDXA09,M,1,1,11,5,8
FEDXA09,M,1,1,12,10,11
FEDXA09,M,1,1,13,14,7
FEDXA09,M,1,1,14,18,15
FEDXA09,M,1,1,15,18,26
FEDXA09,M,1,1,16,8,10
FEDXA09,M,1,1,17,20,13
FEDXA09,M,1,1,18,11,0
FEDXA09,M,1,1,19,5,12
FEDXA09,M,1,1,20,17,0
FEDXA09,M,1,1,21,4,13
FEDXA09,M,1,1,22,8,3
FEDXA09,M,1,1,23,5,10
FEDXA09,M,1,2,0,4,8
FEDXA09,M,1,2,1,9,9
FEDXA09,M,1,2,2,8,5
FEDXA09,M,1,2,3,9,6
FEDXA09,M,1,2,4,0,6
FEDXA09,M,1,2,5,5,0
FEDXA09,M,1,2,6,10,7
FEDXA09,M,1,2,7,0,0
FEDXA09,M,1,2,8,10,0
FEDXA09,M,1,2,9,0,5
FEDXA09,M,1,2,10,6,5
FEDXA09,M,1,2,11,5,10
FEDXA09,M,1,2,12,6,7
FEDXA09,M,1,2,13,14,9
FEDXA09,M,1,2,14,16,9
FEDXA09,M,1,2,15,20,13
FEDXA09,M,1,2,16,17,10
FEDXA09,M,1,2,17,2,20
FEDXA09,M,1,2,18,14,19
FEDXA09,M,1,2,19,11,5
FEDXA09,M,1,2,20,8,0
FEDXA09,M,1,2,21,13,9
FEDXA09,M,1,2,22,3,0
FEDXA09,M,1,2,23,11,16
FEDXA09,M,1,3,0,6,3
FEDXA09,M,1,3,1,11,10
FEDXA09,M,1,3,2,7,5
FEDXA09,M,1,3,3,5,5
FEDXA09,M,1,3,4,6,7
FEDXA09,M,1,3,5,2,4
FEDXA09,M,1,3,6,6,0
FEDXA09,M,1,3,7,2,6
FEDXA09,M,1,3,8,0,0
FEDXA09,M,1,3,9,3,4
FEDXA09,M,1,3,10,6,7
FEDXA09,M,1,3,11,4,8
FEDXA09,M,1,3,12,9,11
FEDXA09,M,1,3,13,15,9
FEDXA09,M,1,3,14,18,19
FEDXA09,M,1,3,15,17,19
FEDXA09,M,1,3,16,23,16
FEDXA09,M,1,3,17,12,12
FEDXA09,M,1,3,18,17,1
FEDXA09,M,1,3,19,11,13
FEDXA09,M,1,3,20,6,7
FEDXA09,M,1,3,21,8,0
FEDXA09,M,1,3,22,11,7
FEDXA09,M,1,3,23,6,19
FEDXA09,M,1,4,0,15,6
FEDXA09,M,1,4,1,2,4
FEDXA09,M,1,4,2,8,4
FEDXA09,M,1,4,3,9,8
FEDXA09,M,1,4,4,4,7
FEDXA09,M,1,4,5,5,0
FEDXA09,M,1,4,6,0,6
FEDXA09,M,1,4,7,6,4
FEDXA09,M,1,4,8,5,5
FEDXA09,M,1,4,9,0,0
FEDXA09,M,1,4,10,7,6
FEDXA09,M,1,4,11,8,6
FEDXA09,M,1,4,12,8,9
FEDXA09,M,1,4,13,18,12
FEDXA09,M,1,4,14,23,12
FEDXA09,M,1,4,15,21,18
FEDXA09,M,1,4,16,13,13
FEDXA09,M,1,4,17,16,22
FEDXA09,M,1,4,18,16,14
FEDXA09,M,1,4,19,7,4
FEDXA09,M,1,4,20,18,4
FEDXA09,M,1,4,21,5,12
FEDXA09,M,1,4,22,7,0
FEDXA09,M,1,4,23,21,21
FEDXA09,M,1,5,0,7,3
FEDXA09,M,1,5,1,7,13
FEDXA09,M,1,5,2,7,1
FEDXA09,M,1,5,3,5,10
FEDXA09,M,1,5,4,7,0
FEDXA09,M,1,5,5,6,0
FEDXA09,M,1,5,6,6,6
FEDXA09,M,1,5,7,6,0
FEDXA09,M,1,5,8,9,0
FEDXA09,M,1,5,9,6,0
FEDXA09,M,1,5,10,5,0
FEDXA09,M,1,5,11,4,4
FEDXA09,M,1,5,12,12,9
FEDXA09,M,1,5,13,21,16
FEDXA09,M,1,5,14,25,24
FEDXA09,M,1,5,15,25,17
FEDXA09,M,1,5,16,25,12
FEDXA09,M,1,5,17,16,11
FEDXA09,M,1,5,18,18,18
FEDXA09,M,1,5,19,7,14
FEDXA09,M,1,5,20,0,0
FEDXA09,M,1,5,21,13,14
FEDXA09,M,1,5,22,10,8
FEDXA09,M,1,5,23,8,13
FEDXA09,M,1,6,0,0,2
FEDXA09,M,1,6,1,0,11
FEDXA09,M,1,6,2,0,3
FEDXA09,M,1,6,3,0,11
FEDXA09,M,1,6,4,0,0
FEDXA09,M,1,6,5,0,7
FEDXA09,M,1,6,6,0,0
FEDXA09,M,1,6,7,10,6
FEDXA09,M,1,6,8,5,5
FEDXA09,M,1,6,9,7,3
FEDXA09,M,1,6,10,1,1
FEDXA09,M,1,6,11,8,5
FEDXA09,M,1,6,12,10,10
FEDXA09,M,1,6,13,17,11
FEDXA09,M,1,6,14,26,23
FEDXA09,M,1,6,15,15,23
FEDXA09,M,1,6,16,20,20
FEDXA09,M,1,6,17,10,15
FEDXA09,M,1,6,18,0,5
FEDXA09,M,1,6,19,0,13
FEDXA09,M,1,6,20,21,8
FEDXA09,M,1,6,21,0,7
FEDXA09,M,1,6,22,13,9
FEDXA09,M,1,6,23,13,13
FEDXA10,M,1,0,0,0,0
FEDXA10,M,1,0,1,0,0
FEDXA10,M,1,0,2,0,1
FEDXA10,M,1,0,3,0,9
FEDXA10,M,1,0,4,3,0
FEDXA10,M,1,0,5,5,0
FEDXA10,M,1,0,6,1,0
FEDXA10,M,1,0,7,0,0
FEDXA10,M,1,0,8,5,4
FEDXA10,M,1,0,9,0,0
FEDXA10,M,1,0,10,5,10
FEDXA10,M,1,0,11,5,6
FEDXA10,M,1,0,12,13,6
FEDXA10,M,1,0,13,15,15
FEDXA10,M,1,0,14,12,17
FEDXA10,M,1,0,15,12,15
FEDXA10,M,1,0,16,17,17
FEDXA10,M,1,0,17,2,5
FEDXA10,M,1,0,18,20,19
FEDXA10,M,1,0,19,5,9
FEDXA10,M,1,0,20,10,13
FEDXA10,M,1,0,21,11,15
FEDXA10,M,1,0,22,8,0
FEDXA10,M,1,0,23,4,10
FEDXA10,M,1,1,0,4,12
FEDXA10,M,1,1,1,5,5
FEDXA10,M,1,1,2,0,7
FEDXA10,M,1,1,3,3,4
FEDXA10,M,1,1,4,7,5
FEDXA10,M,1,1,5,0,0
FEDXA10,M,1,1,6,0,7
FEDXA10,M,1,1,7,5,0
FEDXA10,M,1,1,8,0,9
FEDXA10,M,1,1,9,4,5
FEDXA10,M,1,1,10,0,0
FEDXA10,M,1,1,11,5,10
FEDXA10,M,1,1,12,8,9
FEDXA10,M,1,1,13,13,11
FEDXA10,M,1,1,14,14,18
FEDXA10,M,1,1,15,7,20
FEDXA10,M,1,1,16,21,13
FEDXA10,M,1,1,17,10,4
FEDXA10,M,1,1,18,8,26
FEDXA10,M,1,1,19,13,7
FEDXA10,M,1,1,20,9,11
FEDXA10,M,1,1,21,11,4
FEDXA10,M,1,1,22,5,10
FEDXA10,M,1,1,23,8,3
FEDXA10,M,1,2,0,3,10
FEDXA10,M,1,2,1,11,4
FEDXA10,M,1,2,2,9,4
FEDXA10,M,1,2,3,6,13
FEDXA10,M,1,2,4,4,7
FEDXA10,M,1,2,5,5,0
FEDXA10,M,1,2,6,0,6
FEDXA10,M,1,2,7,0,0
FEDXA10,M,1,2,8,0,5
FEDXA10,M,1,2,9,4,0
FEDXA10,M,1,2,10,9,6
FEDXA10,M,1,2,11,3,6
FEDXA10,M,1,2,12,9,10
FEDXA10,M,1,2,13,15,10
FEDXA10,M,1,2,14,19,17
FEDXA10,M,1,2,15,11,17
FEDXA10,M,1,2,16,18,15
FEDXA10,M,1,2,17,9,27
FEDXA10,M,1,2,18,14,19
FEDXA10,M,1,2,19,6,0
FEDXA10,M,1,2,20,17,15
FEDXA10,M,1,2,21,9,3
FEDXA10,M,1,2,22,5,9
FEDXA10,M,1,2,23,7,11
FEDXA10,M,1,3,0,2,4
FEDXA10,M,1,3,1,8,3
FEDXA10,M,1,3,2,5,12
FEDXA10,M,1,3,3,8,2
FEDXA10,M,1,3,4,0,6
FEDXA10,M,1,3,5,8,5
FEDXA10,M,1,3,6,0,0
FEDXA10,M,1,3,7,0,7
FEDXA10,M,1,3,8,7,0
FEDXA10,M,1,3,9,0,8
FEDXA10,M,1,3,10,7,0
FEDXA10,M,1,3,11,7,12
FEDXA10,M,1,3,12,5,9
FEDXA10,M,1,3,13,18,15
FEDXA10,M,1,3,14,14,20
FEDXA10,M,1,3,15,15,22
FEDXA10,M,1,3,16,15,0
FEDXA10,M,1,3,17,12,28
FEDXA10,M,1,3,18,17,10
FEDXA10,M,1,3,19,6,12
FEDXA10,M,1,3,20,15,0
FEDXA10,M,1,3,21,5,12
FEDXA10,M,1,3,22,9,0
FEDXA10,M,1,3,23,4,18
FEDXA10,M,1,4,0,7,0
FEDXA10,M,1,4,1,0,11
FEDXA10,M,1,4,2,7,2
FEDXA10,M,1,4,3,4,0
FEDXA10,M,1,4,4,5,11
FEDXA10,M,1,4,5,5,7
FEDXA10,M,1,4,6,3,0
FEDXA10,M,1,4,7,5,0
FEDXA10,M,1,4,8,0,9
FEDXA10,M,1,4,9,6,0
FEDXA10,M,1,4,10,0,8
FEDXA10,M,1,4,11,8,10
FEDXA10,M,1,4,12,9,9
FEDXA10,M,1,4,13,15,14
FEDXA10,M,1,4,14,20,16
FEDXA10,M,1,4,15,17,15
FEDXA10,M,1,4,16,10,27
FEDXA10,M,1,4,17,11,23
FEDXA10,M,1,4,18,14,0
FEDXA10,M,1,4,19,15,15
FEDXA10,M,1,4,20,9,5
FEDXA10,M,1,4,21,11,13
FEDXA10,M,1,4,22,5,0
FEDXA10,M,1,4,23,6,13
FEDXA10,M,1,5,0,7,0
FEDXA10,M,1,5,1,4,8
FEDXA10,M,1,5,2,3,3
FEDXA10,M,1,5,3,9,6
FEDXA10,M,1,5,4,3,0
FEDXA10,M,1,5,5,4,7
FEDXA10,M,1,5,6,0,0
FEDXA10,M,1,5,7,0,0
FEDXA10,M,1,5,8,6,11
FEDXA10,M,1,5,9,0,0
FEDXA10,M,1,5,10,4,2
FEDXA10,M,1,5,11,8,6
FEDXA10,M,1,5,12,9,12
FEDXA10,M,1,5,13,16,21
FEDXA10,M,1,5,14,16,19
FEDXA10,M,1,5,15,15,18
FEDXA10,M,1,5,16,22,19
FEDXA10,M,1,5,17,13,17
FEDXA10,M,1,5,18,13,11
FEDXA10,M,1,5,19,7,14
FEDXA10,M,1,5,20,12,13
FEDXA10,M,1,5,21,2,4
FEDXA10,M,1,5,22,10,8
FEDXA10,M,1,5,23,6,8
FEDXA10,M,1,6,0,8,9
FEDXA10,M,1,6,1,7,0
FEDXA10,M,1,6,2,9,3
FEDXA10,M,1,6,3,6,7
FEDXA10,M,1,6,4,0,0
FEDXA10,M,1,6,5,6,0
FEDXA10,M,1,6,6,3,5
FEDXA10,M,1,6,7,0,0
FEDXA10,M,1,6,8,0,0
FEDXA10,M,1,6,9,3,9
FEDXA10,M,1,6,10,2,0
FEDXA10,M,1,6,11,7,12
FEDXA10,M,1,6,12,9,7
FEDXA10,M,1,6,13,19,14
FEDXA10,M,1,6,14,21,15
FEDXA10,M,1,6,15,12,26
FEDXA10,M,1,6,16,16,8
FEDXA10,M,1,6,17,17,17
FEDXA10,M,1,6,18,18,22
FEDXA10,M,1,6,19,11,2
FEDXA10,M,1,6,20,3,12
FEDXA10,M,1,6,21,10,10
FEDXA10,M,1,6,22,11,1
FEDXA10,M,1,6,23,2,8
FEDXA11,M,1,0,0,0,0
FEDXA11,M,1,0,1,0,0
FEDXA11,M,1,0,2,0,0
FEDXA11,M,1,0,3,0,28
FEDXA11,M,1,0,4,2,4
FEDXA11,M,1,0,5,3,0
FEDXA11,M,1,0,6,4,12
FEDXA11,M,1,0,7,0,0
FEDXA11,M,1,0,8,3,6
FEDXA11,M,1,0,9,0,7
FEDXA11,M,1,0,10,5,12
FEDXA11,M,1,0,11,9,13
FEDXA11,M,1,0,12,5,8
FEDXA11,M,1,0,13,10,9
FEDXA11,M,1,0,14,14,13
FEDXA11,M,1,0,15,14,15
FEDXA11,M,1,0,16,18,19
FEDXA11,M,1,0,17,10,11
FEDXA11,M,1,0,18,9,8
FEDXA11,M,1,0,19,11,5
FEDXA11,M,1,0,20,11,5
FEDXA11,M,1,0,21,8,10
FEDXA11,M,1,0,22,0,0
FEDXA11,M,1,0,23,13,19
FEDXA11,M,1,1,0,6,7
FEDXA11,M,1,1,1,9,5
FEDXA11,M,1,1,2,2,7
FEDXA11,M,1,1,3,3,0
FEDXA11,M,1,1,4,4,7
FEDXA11,M,1,1,5,0,5
FEDXA11,M,1,1,6,0,0
FEDXA11,M,1,1,7,3,0
FEDXA11,M,1,1,8,0,5
FEDXA11,M,1,1,9,12,6
FEDXA11,M,1,1,10,12,7
FEDXA11,M,1,1,11,1,6
FEDXA11,M,1,1,12,14,10
FEDXA11,M,1,1,13,7,4
FEDXA11,M,1,1,14,3,12
FEDXA11,M,1,1,15,1,24
FEDXA11,M,1,1,16,1,15
FEDXA11,M,1,1,17,3,1
FEDXA11,M,1,1,18,0,12
FEDXA11,M,1,1,19,2,12
FEDXA11,M,1,1,20,1,0
FEDXA11,M,1,1,21,0,7
FEDXA11,M,1,1,22,0,1
FEDXA11,M,1,1,23,0,11
FEDXA11,M,1,2,0,0,13
FEDXA11,M,1,2,1,37,10
FEDXA11,M,1,2,2,5,0
FEDXA11,M,1,2,3,9,9
FEDXA11,M,1,2,4,0,5
FEDXA11,M,1,2,5,7,8
FEDXA11,M,1,2,6,0,0
FEDXA11,M,1,2,7,11,0
FEDXA11,M,1,2,8,0,7
FEDXA11,M,1,2,9,9,0
FEDXA11,M,1,2,10,8,7
FEDXA11,M,1,2,11,4,6
FEDXA11,M,1,2,12,13,11
FEDXA11,M,1,2,13,19,14
FEDXA11,M,1,2,14,17,14
FEDXA11,M,1,2,15,18,13
FEDXA11,M,1,2,16,7,12
FEDXA11,M,1,2,17,12,23
FEDXA11,M,1,2,18,13,7
FEDXA11,M,1,2,19,0,0
FEDXA11,M,1,2,20,4,16
FEDXA11,M,1,2,21,7,0
FEDXA11,M,1,2,22,7,11
FEDXA11,M,1,2,23,4,11
FEDXA11,M,1,3,0,8,13
FEDXA11,M,1,3,1,13,8
FEDXA11,M,1,3,2,7,0
FEDXA11,M,1,3,3,10,13
FEDXA11,M,1,3,4,7,0
FEDXA11,M,1,3,5,6,9
FEDXA11,M,1,3,6,6,0
FEDXA11,M,1,3,7,9,3
FEDXA11,M,1,3,8,6,4
FEDXA11,M,1,3,9,3,1
FEDXA11,M,1,3,10,3,8
FEDXA11,M,1,3,11,15,6
FEDXA11,M,1,3,12,12,13
FEDXA11,M,1,3,13,20,12
FEDXA11,M,1,3,14,17,16
FEDXA11,M,1,3,15,18,23
FEDXA11,M,1,3,16,13,18
FEDXA11,M,1,3,17,14,5
FEDXA11,M,1,3,18,1,17
FEDXA11,M,1,3,19,22,8
FEDXA11,M,1,3,20,3,12
FEDXA11,M,1,3,21,2,10
FEDXA11,M,1,3,22,11,2
FEDXA11,M,1,3,23,8,7
FEDXA11,M,1,4,0,6,17
FEDXA11,M,1,4,1,7,7
FEDXA11,M,1,4,2,9,6
FEDXA11,M,1,4,3,9,9
FEDXA11,M,1,4,4,8,0
FEDXA11,M,1,4,5,7,5
FEDXA11,M,1,4,6,6,5
FEDXA11,M,1,4,7,9,0
FEDXA11,M,1,4,8,3,0
FEDXA11,M,1,4,9,4,9
FEDXA11,M,1,4,10,9,3
FEDXA11,M,1,4,11,5,8
FEDXA11,M,1,4,12,16,10
FEDXA11,M,1,4,13,17,14
FEDXA11,M,1,4,14,19,12
FEDXA11,M,1,4,15,15,15
FEDXA11,M,1,4,16,14,23
FEDXA11,M,1,4,17,7,5
FEDXA11,M,1,4,18,17,10
FEDXA11,M,1,4,19,5,3
FEDXA11,M,1,4,20,9,14
FEDXA11,M,1,4,21,6,1
FEDXA11,M,1,4,22,12,6
FEDXA11,M,1,4,23,6,13
FEDXA11,M,1,5,0,8,16
FEDXA11,M,1,5,1,8,9
FEDXA11,M,1,5,2,6,3
FEDXA11,M,1,5,3,6,8
FEDXA11,M,1,5,4,11,0
FEDXA11,M,1,5,5,12,6
FEDXA11,M,1,5,6,4,0
FEDXA11,M,1,5,7,5,0
FEDXA11,M,1,5,8,6,0
FEDXA11,M,1,5,9,10,5
FEDXA11,M,1,5,10,9,0
FEDXA11,M,1,5,11,12,4
FEDXA11,M,1,5,12,12,17
FEDXA11,M,1,5,13,17,9
FEDXA11,M,1,5,14,22,17
FEDXA11,M,1,5,15,17,17
FEDXA11,M,1,5,16,19,14
FEDXA11,M,1,5,17,13,11
FEDXA11,M,1,5,18,12,10
FEDXA11,M,1,5,19,11,3
FEDXA11,M,1,5,20,11,0
FEDXA11,M,1,5,21,7,20
FEDXA11,M,1,5,22,8,4
FEDXA11,M,1,5,23,5,10
FEDXA11,M,1,6,0,8,13
FEDXA11,M,1,6,1,7,0
FEDXA11,M,1,6,2,11,6
FEDXA11,M,1,6,3,6,8
FEDXA11,M,1,6,4,10,0
FEDXA11,M,1,6,5,5,6
FEDXA11,M,1,6,6,10,2
FEDXA11,M,1,6,7,7,0
FEDXA11,M,1,6,8,6,1
FEDXA11,M,1,6,9,7,3
FEDXA11,M,1,6,10,6,7
FEDXA11,M,1,6,11,7,2
FEDXA11,M,1,6,12,12,13
FEDXA11,M,1,6,13,14,9
FEDXA11,M,1,6,14,16,19
FEDXA11,M,1,6,15,21,15
FEDXA11,M,1,6,16,13,13
FEDXA11,M,1,6,17,15,17
FEDXA11,M,1,6,18,11,12
FEDXA11,M,1,6,19,12,12
FEDXA11,M,1,6,20,9,6
FEDXA11,M,1,6,21,6,8
FEDXA11,M,1,6,22,5,10
FEDXA11,M,1,6,23,7,6
FEDXA12,M,1,0,0,0,0
FEDXA12,M,1,0,1,0,0
FEDXA12,M,1,0,2,0,0
FEDXA12,M,1,0,3,0,13
FEDXA12,M,1,0,4,7,10
FEDXA12,M,1,0,5,3,9
FEDXA12,M,1,0,6,7,6
FEDXA12,M,1,0,7,0,0
FEDXA12,M,1,0,8,7,8
FEDXA12,M,1,0,9,4,0
FEDXA12,M,1,0,10,4,11
FEDXA12,M,1,0,11,5,5
FEDXA12,M,1,0,12,10,11
FEDXA12,M,1,0,13,11,14
FEDXA12,M,1,0,14,9,16
FEDXA12,M,1,0,15,21,15
FEDXA12,M,1,0,16,14,14
FEDXA12,M,1,0,17,17,19
FEDXA12,M,1,0,18,3,9
FEDXA12,M,1,0,19,17,3
FEDXA12,M,1,0,20,0,5
FEDXA12,M,1,0,21,12,8
FEDXA12,M,1,0,22,8,10
FEDXA12,M,1,0,23,10,11
FEDXA12,M,1,1,0,14,4
FEDXA12,M,1,1,1,3,4
FEDXA12,M,1,1,2,12,13
FEDXA12,M,1,1,3,11,6
FEDXA12,M,1,1,4,7,6
FEDXA12,M,1,1,5,5,6
FEDXA12,M,1,1,6,7,0
FEDXA12,M,1,1,7,0,5
FEDXA12,M,1,1,8,2,0
FEDXA12,M,1,1,9,7,6
FEDXA12,M,1,1,10,0,6
FEDXA12,M,1,1,11,8,6
FEDXA12,M,1,1,12,11,10
FEDXA12,M,1,1,13,14,12
FEDXA12,M,1,1,14,18,14
FEDXA12,M,1,1,15,18,21
FEDXA12,M,1,1,16,5,12
FEDXA12,M,1,1,17,24,14
FEDXA12,M,1,1,18,18,8
FEDXA12,M,1,1,19,5,14
FEDXA12,M,1,1,20,18,6
FEDXA12,M,1,1,21,8,6
FEDXA12,M,1,1,22,13,6
FEDXA12,M,1,1,23,11,13
FEDXA12,M,1,2,0,12,10
FEDXA12,M,1,2,1,17,12
FEDXA12,M,1,2,2,19,0
FEDXA12,M,1,2,3,8,8
FEDXA12,M,1,2,4,2,11
FEDXA12,M,1,2,5,12,0
FEDXA12,M,1,2,6,0,6
FEDXA12,M,1,2,7,0,0
FEDXA12,M,1,2,8,5,5
FEDXA12,M,1,2,9,9,0
FEDXA12,M,1,2,10,4,8
FEDXA12,M,1,2,11,7,4
FEDXA12,M,1,2,12,13,8
FEDXA12,M,1,2,13,17,15
FEDXA12,M,1,2,14,19,17
FEDXA12,M,1,2,15,25,12
FEDXA12,M,1,2,16,18,19
FEDXA12,M,1,2,17,12,15
FEDXA12,M,1,2,18,14,1
FEDXA12,M,1,2,19,10,11
FEDXA12,M,1,2,20,7,10
FEDXA12,M,1,2,21,10,3
FEDXA12,M,1,2,22,8,5
FEDXA12,M,1,2,23,9,11
FEDXA12,M,1,3,0,14,11
FEDXA12,M,1,3,1,9,9
FEDXA12,M,1,3,2,9,2
FEDXA12,M,1,3,3,13,11
FEDXA12,M,1,3,4,7,0
FEDXA12,M,1,3,5,7,6
FEDXA12,M,1,3,6,7,0
FEDXA12,M,1,3,7,4,4
FEDXA12,M,1,3,8,4,1
FEDXA12,M,1,3,9,6,3
FEDXA12,M,1,3,10,3,5
FEDXA12,M,1,3,11,8,9
FEDXA12,M,1,3,12,12,9
FEDXA12,M,1,3,13,19,11
FEDXA12,M,1,3,14,18,13
FEDXA12,M,1,3,15,15,25
FEDXA12,M,1,3,16,16,11
FEDXA12,M,1,3,17,16,13
FEDXA12,M,1,3,18,14,11
FEDXA12,M,1,3,19,12,0
FEDXA12,M,1,3,20,9,11
FEDXA12,M,1,3,21,11,6
FEDXA12,M,1,3,22,12,6
FEDXA12,M,1,3,23,17,11
FEDXA12,M,1,4,0,11,12
FEDXA12,M,1,4,1,4,9
FEDXA12,M,1,4,2,11,7
FEDXA12,M,1,4,3,8,4
FEDXA12,M,1,4,4,11,0
FEDXA12,M,1,4,5,10,7
FEDXA12,M,1,4,6,9,0
FEDXA12,M,1,4,7,7,0
FEDXA12,M,1,4,8,4,6
FEDXA12,M,1,4,9,9,0
FEDXA12,M,1,4,10,7,5
FEDXA12,M,1,4,11,10,6
FEDXA12,M,1,4,12,12,7
FEDXA12,M,1,4,13,16,17
FEDXA12,M,1,4,14,15,19
FEDXA12,M,1,4,15,13,21
FEDXA12,M,1,4,16,16,12
FEDXA12,M,1,4,17,5,5
FEDXA12,M,1,4,18,17,21
FEDXA12,M,1,4,19,14,7
FEDXA12,M,1,4,20,10,7
FEDXA12,M,1,4,21,7,4
FEDXA12,M,1,4,22,6,4
FEDXA12,M,1,4,23,12,12
FEDXA12,M,1,5,0,6,11
FEDXA12,M,1,5,1,7,4
FEDXA12,M,1,5,2,5,12
FEDXA12,M,1,5,3,1,0
FEDXA12,M,1,5,4,6,15
FEDXA12,M,1,5,5,4,0
FEDXA12,M,1,5,6,17,0
FEDXA12,M,1,5,7,6,4
FEDXA12,M,1,5,8,5,7
FEDXA12,M,1,5,9,4,4
FEDXA12,M,1,5,10,4,0
FEDXA12,M,1,5,11,5,10
FEDXA12,M,1,5,12,8,11
FEDXA12,M,1,5,13,18,20
FEDXA12,M,1,5,14,20,17
FEDXA12,M,1,5,15,21,24
FEDXA12,M,1,5,16,14,21
FEDXA12,M,1,5,17,12,6
FEDXA12,M,1,5,18,12,16
FEDXA12,M,1,5,19,7,6
FEDXA12,M,1,5,20,10,11
FEDXA12,M,1,5,21,11,3
FEDXA12,M,1,5,22,8,8
FEDXA12,M,1,5,23,6,5
FEDXA12,M,1,6,0,2,15
FEDXA12,M,1,6,1,4,10
FEDXA12,M,1,6,2,8,4
FEDXA12,M,1,6,3,5,8
FEDXA12,M,1,6,4,12,5
FEDXA12,M,1,6,5,10,11
FEDXA12,M,1,6,6,7,0
FEDXA12,M,1,6,7,5,4
FEDXA12,M,1,6,8,8,2
FEDXA12,M,1,6,9,4,0
FEDXA12,M,1,6,10,11,6
FEDXA12,M,1,6,11,7,5
FEDXA12,M,1,6,12,9,9
FEDXA12,M,1,6,13,18,12
FEDXA12,M,1,6,14,22,21
FEDXA12,M,1,6,15,16,16
FEDXA12,M,1,6,16,15,22
FEDXA12,M,1,6,17,8,0
FEDXA12,M,1,6,18,12,18
FEDXA12,M,1,6,19,15,8
FEDXA12,M,1,6,20,12,8
FEDXA12,M,1,6,21,4,14
FEDXA12,M,1,6,22,10,7
FEDXA12,M,1,6,23,9,12
FEDXB01,F,2,0,0,0,0
FEDXB01,F,2,0,1,0,0
FEDXB01,F,2,0,2,0,0
FEDXB01,F,2,0,3,0,0
FEDXB01,F,2,0,4,0,11
FEDXB01,F,2,0,5,2,5
FEDXB01,F,2,0,6,6,10
FEDXB01,F,2,0,7,0,0
FEDXB01,F,2,0,8,0,15
FEDXB01,F,2,0,9,0,1
FEDXB01,F,2,0,10,0,1
FEDXB01,F,2,0,11,0,3
FEDXB01,F,2,0,12,0,15
FEDXB01,F,2,0,13,14,21
FEDXB01,F,2,0,14,15,18
FEDXB01,F,2,0,15,10,26
FEDXB01,F,2,0,16,3,26
FEDXB01,F,2,0,17,3,20
FEDXB01,F,2,0,18,13,17
FEDXB01,F,2,0,19,2,5
FEDXB01,F,2,0,20,14,0
FEDXB01,F,2,0,21,13,14
FEDXB01,F,2,0,22,3,19
FEDXB01,F,2,0,23,0,18
FEDXB01,F,2,1,0,6,8
FEDXB01,F,2,1,1,0,0
FEDXB01,F,2,1,2,3,6
FEDXB01,F,2,1,3,0,5
FEDXB01,F,2,1,4,0,8
FEDXB01,F,2,1,5,3,0
FEDXB01,F,2,1,6,6,4
FEDXB01,F,2,1,7,0,0
FEDXB01,F,2,1,8,6,0
FEDXB01,F,2,1,9,0,10
FEDXB01,F,2,1,10,0,0
FEDXB01,F,2,1,11,8,4
FEDXB01,F,2,1,12,14,9
FEDXB01,F,2,1,13,16,19
FEDXB01,F,2,1,14,10,18
FEDXB01,F,2,1,15,7,18
FEDXB01,F,2,1,16,18,19
FEDXB01,F,2,1,17,1,22
FEDXB01,F,2,1,18,16,16
FEDXB01,F,2,1,19,8,3
FEDXB01,F,2,1,20,0,0
FEDXB01,F,2,1,21,3,15
FEDXB01,F,2,1,22,17,16
FEDXB01,F,2,1,23,12,14
FEDXB01,F,2,2,0,11,2
FEDXB01,F,2,2,1,0,4
FEDXB01,F,2,2,2,0,3
FEDXB01,F,2,2,3,10,4
FEDXB01,F,2,2,4,8,0
FEDXB01,F,2,2,5,0,2
FEDXB01,F,2,2,6,8,3
FEDXB01,F,2,2,7,0,2
FEDXB01,F,2,2,8,2,7
FEDXB01,F,2,2,9,10,0
FEDXB01,F,2,2,10,0,0
FEDXB01,F,2,2,11,2,0
FEDXB01,F,2,2,12,11,4
FEDXB01,F,2,2,13,22,13
FEDXB01,F,2,2,14,13,14
FEDXB01,F,2,2,15,17,17
FEDXB01,F,2,2,16,17,10
FEDXB01,F,2,2,17,0,16
FEDXB01,F,2,2,18,32,17
FEDXB01,F,2,2,19,10,18
FEDXB01,F,2,2,20,8,4
FEDXB01,F,2,2,21,13,0
FEDXB01,F,2,2,22,5,11
FEDXB01,F,2,2,23,20,17
FEDXB01,F,2,3,0,4,7
FEDXB01,F,2,3,1,8,0
FEDXB01,F,2,3,2,5,7
FEDXB01,F,2,3,3,5,7
FEDXB01,F,2,3,4,12,2
FEDXB01,F,2,3,5,8,0
FEDXB01,F,2,3,6,5,4
FEDXB01,F,2,3,7,7,0
FEDXB01,F,2,3,8,0,0
FEDXB01,F,2,3,9,8,7
FEDXB01,F,2,3,10,1,0
FEDXB01,F,2,3,11,6,0
FEDXB01,F,2,3,12,13,5
FEDXB01,F,2,3,13,20,10
FEDXB01,F,2,3,14,20,10
FEDXB01,F,2,3,15,25,14
FEDXB01,F,2,3,16,14,20
FEDXB01,F,2,3,17,17,15
FEDXB01,F,2,3,18,8,7
FEDXB01,F,2,3,19,22,19
FEDXB01,F,2,3,20,6,1
FEDXB01,F,2,3,21,6,0
FEDXB01,F,2,3,22,0,13
FEDXB01,F,2,3,23,12,10
FEDXB01,F,2,4,0,1,0
FEDXB01,F,2,4,1,6,0
FEDXB01,F,2,4,2,10,8
FEDXB01,F,2,4,3,2,5
FEDXB01,F,2,4,4,14,0
FEDXB01,F,2,4,5,0,0
FEDXB01,F,2,4,6,6,4
FEDXB01,F,2,4,7,0,0
FEDXB01,F,2,4,8,7,3
FEDXB01,F,2,4,9,2,0
FEDXB01,F,2,4,10,9,5
FEDXB01,F,2,4,11,0,0
FEDXB01,F,2,4,12,20,7
FEDXB01,F,2,4,13,19,7
FEDXB01,F,2,4,14,20,13
FEDXB01,F,2,4,15,21,11
FEDXB01,F,2,4,16,24,18
FEDXB01,F,2,4,17,21,8
FEDXB01,F,2,4,18,15,1
FEDXB01,F,2,4,19,4,20
FEDXB01,F,2,4,20,12,16
FEDXB01,F,2,4,21,4,1
FEDXB01,F,2,4,22,10,16
FEDXB01,F,2,4,23,17,5
FEDXB01,F,2,5,0,17,10
FEDXB01,F,2,5,1,3,0
FEDXB01,F,2,5,2,11,6
FEDXB01,F,2,5,3,4,2
FEDXB01,F,2,5,4,8,8
FEDXB01,F,2,5,5,9,8
FEDXB01,F,2,5,6,0,6
FEDXB01,F,2,5,7,3,0
FEDXB01,F,2,5,8,0,9
FEDXB01,F,2,5,9,4,10
FEDXB01,F,2,5,10,0,1
FEDXB01,F,2,5,11,5,11
FEDXB01,F,2,5,12,10,8
FEDXB01,F,2,5,13,20,15
FEDXB01,F,2,5,14,19,22
FEDXB01,F,2,5,15,21,17
FEDXB01,F,2,5,16,21,14
FEDXB01,F,2,5,17,25,4
FEDXB01,F,2,5,18,18,26
FEDXB01,F,2,5,19,7,2
FEDXB01,F,2,5,20,5,0
FEDXB01,F,2,5,21,18,18
FEDXB01,F,2,5,22,11,0
FEDXB01,F,2,5,23,16,18
FEDXB01,F,2,6,0,5,5
FEDXB01,F,2,6,1,2,15
FEDXB01,F,2,6,2,0,5
FEDXB01,F,2,6,3,10,16
FEDXB01,F,2,6,4,1,5
FEDXB01,F,2,6,5,0,3
FEDXB01,F,2,6,6,3,5
FEDXB01,F,2,6,7,0,12
FEDXB01,F,2,6,8,8,1
FEDXB01,F,2,6,9,3,0
FEDXB01,F,2,6,10,0,2
FEDXB01,F,2,6,11,4,3
FEDXB01,F,2,6,12,10,12
FEDXB01,F,2,6,13,20,12
FEDXB01,F,2,6,14,15,20
FEDXB01,F,2,6,15,21,0
FEDXB01,F,2,6,16,7,34
FEDXB01,F,2,6,17,11,5
FEDXB01,F,2,6,18,19,11
FEDXB01,F,2,6,19,5,20
FEDXB01,F,2,6,20,0,0
FEDXB01,F,2,6,21,22,11
FEDXB01,F,2,6,22,6,7
FEDXB01,F,2,6,23,13,17
FEDXB02,F,2,0,0,0,0
FEDXB02,F,2,0,1,0,0
FEDXB02,F,2,0,2,3,0
FEDXB02,F,2,0,3,0,0
FEDXB02,F,2,0,4,0,13
FEDXB02,F,2,0,5,0,0
FEDXB02,F,2,0,6,28,10
FEDXB02,F,2,0,7,0,4
FEDXB02,F,2,0,8,0,0
FEDXB02,F,2,0,9,0,8
FEDXB02,F,2,0,10,4,8
FEDXB02,F,2,0,11,0,4
FEDXB02,F,2,0,12,2,10
FEDXB02,F,2,0,13,34,24
FEDXB02,F,2,0,14,12,21
FEDXB02,F,2,0,15,17,15
FEDXB02,F,2,0,16,13,17
FEDXB02,F,2,0,17,38,15
FEDXB02,F,2,0,18,21,10
FEDXB02,F,2,0,19,4,0
FEDXB02,F,2,0,20,0,8
FEDXB02,F,2,0,21,2,7
FEDXB02,F,2,0,22,27,0
FEDXB02,F,2,0,23,8,10
FEDXB02,F,2,1,0,6,0
FEDXB02,F,2,1,1,0,14
FEDXB02,F,2,1,2,15,9
FEDXB02,F,2,1,3,6,13
FEDXB02,F,2,1,4,0,6
FEDXB02,F,2,1,5,9,0
FEDXB02,F,2,1,6,0,6
FEDXB02,F,2,1,7,0,0
FEDXB02,F,2,1,8,0,9
FEDXB02,F,2,1,9,13,4
FEDXB02,F,2,1,10,0,0
FEDXB02,F,2,1,11,11,5
FEDXB02,F,2,1,12,14,14
FEDXB02,F,2,1,13,15,24
FEDXB02,F,2,1,14,16,15
FEDXB02,F,2,1,15,25,19
FEDXB02,F,2,1,16,25,14
FEDXB02,F,2,1,17,19,12
FEDXB02,F,2,1,18,16,18
FEDXB02,F,2,1,19,0,0
FEDXB02,F,2,1,20,16,0
FEDXB02,F,2,1,21,18,7
FEDXB02,F,2,1,22,6,10
FEDXB02,F,2,1,23,2,0
FEDXB02,F,2,2,0,25,18
FEDXB02,F,2,2,1,0,5
FEDXB02,F,2,2,2,19,6
FEDXB02,F,2,2,3,0,1
FEDXB02,F,2,2,4,9,0
FEDXB02,F,2,2,5,0,3
FEDXB02,F,2,2,6,5,0
FEDXB02,F,2,2,7,0,0
FEDXB02,F,2,2,8,4,3
FEDXB02,F,2,2,9,0,3
FEDXB02,F,2,2,10,11,0
FEDXB02,F,2,2,11,6,5
FEDXB02,F,2,2,12,10,8
FEDXB02,F,2,2,13,23,24
FEDXB02,F,2,2,14,21,11
FEDXB02,F,2,2,15,23,14
FEDXB02,F,2,2,16,24,19
FEDXB02,F,2,2,17,20,6
FEDXB02,F,2,2,18,17,10
FEDXB02,F,2,2,19,0,0
FEDXB02,F,2,2,20,0,0
FEDXB02,F,2,2,21,15,9
FEDXB02,F,2,2,22,20,0
FEDXB02,F,2,2,23,20,8
FEDXB02,F,2,3,0,7,21
FEDXB02,F,2,3,1,0,0
FEDXB02,F,2,3,2,19,5
FEDXB02,F,2,3,3,9,2
FEDXB02,F,2,3,4,0,0
FEDXB02,F,2,3,5,0,5
FEDXB02,F,2,3,6,0,0
FEDXB02,F,2,3,7,0,0
FEDXB02,F,2,3,8,0,3
FEDXB02,F,2,3,9,0,3
FEDXB02,F,2,3,10,0,0
FEDXB02,F,2,3,11,0,3
FEDXB02,F,2,3,12,0,11
FEDXB02,F,2,3,13,0,11
FEDXB02,F,2,3,14,29,17
FEDXB02,F,2,3,15,16,12
FEDXB02,F,2,3,16,14,12
FEDXB02,F,2,3,17,7,13
FEDXB02,F,2,3,18,4,0
FEDXB02,F,2,3,19,19,12
FEDXB02,F,2,3,20,11,3
FEDXB02,F,2,3,21,2,5
FEDXB02,F,2,3,22,3,3
FEDXB02,F,2,3,23,10,7
FEDXB02,F,2,4,0,13,5
FEDXB02,F,2,4,1,0,0
FEDXB02,F,2,4,2,14,7
FEDXB02,F,2,4,3,0,2
FEDXB02,F,2,4,4,0,0
FEDXB02,F,2,4,5,1,3
FEDXB02,F,2,4,6,0,0
FEDXB02,F,2,4,7,0,2
FEDXB02,F,2,4,8,6,0
FEDXB02,F,2,4,9,0,2
FEDXB02,F,2,4,10,5,3
FEDXB02,F,2,4,11,6,0
FEDXB02,F,2,4,12,10,9
FEDXB02,F,2,4,13,16,15
FEDXB02,F,2,4,14,20,14
FEDXB02,F,2,4,15,10,0
FEDXB02,F,2,4,16,18,18
FEDXB02,F,2,4,17,15,14
FEDXB02,F,2,4,18,9,0
FEDXB02,F,2,4,19,11,8
FEDXB02,F,2,4,20,0,0
FEDXB02,F,2,4,21,15,6
FEDXB02,F,2,4,22,3,5
FEDXB02,F,2,4,23,13,5
FEDXB02,F,2,5,0,4,8
FEDXB02,F,2,5,1,8,0
FEDXB02,F,2,5,2,3,8
FEDXB02,F,2,5,3,0,12
FEDXB02,F,2,5,4,8,4
FEDXB02,F,2,5,5,3,0
FEDXB02,F,2,5,6,0,5
FEDXB02,F,2,5,7,0,0
FEDXB02,F,2,5,8,7,12
FEDXB02,F,2,5,9,0,2
FEDXB02,F,2,5,10,4,3
FEDXB02,F,2,5,11,10,13
FEDXB02,F,2,5,12,8,11
FEDXB02,F,2,5,13,15,29
FEDXB02,F,2,5,14,18,10
FEDXB02,F,2,5,15,19,26
FEDXB02,F,2,5,16,17,0
FEDXB02,F,2,5,17,14,18
FEDXB02,F,2,5,18,8,9
FEDXB02,F,2,5,19,11,0
FEDXB02,F,2,5,20,11,5
FEDXB02,F,2,5,21,4,3
FEDXB02,F,2,5,22,4,9
FEDXB02,F,2,5,23,16,5
FEDXB02,F,2,6,0,4,20
FEDXB02,F,2,6,1,0,0
FEDXB02,F,2,6,2,0,10
FEDXB02,F,2,6,3,8,9
FEDXB02,F,2,6,4,0,9
FEDXB02,F,2,6,5,5,2
FEDXB02,F,2,6,6,0,4
FEDXB02,F,2,6,7,6,0
FEDXB02,F,2,6,8,0,0
FEDXB02,F,2,6,9,0,11
FEDXB02,F,2,6,10,4,0
FEDXB02,F,2,6,11,7,6
FEDXB02,F,2,6,12,6,12
FEDXB02,F,2,6,13,19,23
FEDXB02,F,2,6,14,21,30
FEDXB02,F,2,6,15,16,8
FEDXB02,F,2,6,16,15,0
FEDXB02,F,2,6,17,18,21
FEDXB02,F,2,6,18,8,8
FEDXB02,F,2,6,19,6,3
FEDXB02,F,2,6,20,0,0
FEDXB02,F,2,6,21,14,7
FEDXB02,F,2,6,22,4,0
FEDXB02,F,2,6,23,6,15
FEDXB03,F,2,0,0,0,0
FEDXB03,F,2,0,1,0,0
FEDXB03,F,2,0,2,6,0
FEDXB03,F,2,0,3,0,0
FEDXB03,F,2,0,4,0,11
FEDXB03,F,2,0,5,18,16
FEDXB03,F,2,0,6,0,0
FEDXB03,F,2,0,7,0,14
FEDXB03,F,2,0,8,0,15
FEDXB03,F,2,0,9,1,6
FEDXB03,F,2,0,10,0,11
FEDXB03,F,2,0,11,2,7
FEDXB03,F,2,0,12,3,20
FEDXB03,F,2,0,13,12,21
FEDXB03,F,2,0,14,15,12
FEDXB03,F,2,0,15,13,22
FEDXB03,F,2,0,16,12,21
FEDXB03,F,2,0,17,12,14
FEDXB03,F,2,0,18,0,17
FEDXB03,F,2,0,19,0,8
FEDXB03,F,2,0,20,9,0
FEDXB03,F,2,0,21,10,8
FEDXB03,F,2,0,22,5,6
FEDXB03,F,2,0,23,13,11
FEDXB03,F,2,1,0,5,16
FEDXB03,F,2,1,1,5,4
FEDXB03,F,2,1,2,2,11
FEDXB03,F,2,1,3,1,7
FEDXB03,F,2,1,4,6,8
FEDXB03,F,2,1,5,0,0
FEDXB03,F,2,1,6,4,12
FEDXB03,F,2,1,7,3,1
FEDXB03,F,2,1,8,0,0
FEDXB03,F,2,1,9,3,5
FEDXB03,F,2,1,10,0,9
FEDXB03,F,2,1,11,8,3
FEDXB03,F,2,1,12,13,17
FEDXB03,F,2,1,13,7,18
FEDXB03,F,2,1,14,9,12
FEDXB03,F,2,1,15,10,26
FEDXB03,F,2,1,16,18,15
FEDXB03,F,2,1,17,12,17
FEDXB03,F,2,1,18,7,14
FEDXB03,F,2,1,19,0,6
FEDXB03,F,2,1,20,7,6
FEDXB03,F,2,1,21,10,0
FEDXB03,F,2,1,22,3,18
FEDXB03,F,2,1,23,12,14
FEDXB03,F,2,2,0,11,5
FEDXB03,F,2,2,1,3,13
FEDXB03,F,2,2,2,9,8
FEDXB03,F,2,2,3,7,5
FEDXB03,F,2,2,4,3,4
FEDXB03,F,2,2,5,4,10
FEDXB03,F,2,2,6,0,0
FEDXB03,F,2,2,7,2,6
FEDXB03,F,2,2,8,5,2
FEDXB03,F,2,2,9,0,4
FEDXB03,F,2,2,10,9,11
FEDXB03,F,2,2,11,6,0
FEDXB03,F,2,2,12,8,11
FEDXB03,F,2,2,13,17,18
FEDXB03,F,2,2,14,12,17
FEDXB03,F,2,2,15,19,31
FEDXB03,F,2,2,16,20,15
FEDXB03,F,2,2,17,13,12
FEDXB03,F,2,2,18,8,0
FEDXB03,F,2,2,19,12,25
FEDXB03,F,2,2,20,8,5
FEDXB03,F,2,2,21,10,0
FEDXB03,F,2,2,22,19,14
FEDXB03,F,2,2,23,15,16
FEDXB03,F,2,3,0,13,9
FEDXB03,F,2,3,1,0,0
FEDXB03,F,2,3,2,14,7
FEDXB03,F,2,3,3,5,4
FEDXB03,F,2,3,4,0,0
FEDXB03,F,2,3,5,4,5
FEDXB03,F,2,3,6,2,3
FEDXB03,F,2,3,7,2,4
FEDXB03,F,2,3,8,0,0
FEDXB03,F,2,3,9,0,3
FEDXB03,F,2,3,10,5,0
FEDXB03,F,2,3,11,3,5
FEDXB03,F,2,3,12,13,13
FEDXB03,F,2,3,13,21,18
FEDXB03,F,2,3,14,18,14
FEDXB03,F,2,3,15,17,15
FEDXB03,F,2,3,16,15,22
FEDXB03,F,2,3,17,19,16
FEDXB03,F,2,3,18,17,16
FEDXB03,F,2,3,19,15,7
FEDXB03,F,2,3,20,17,0
FEDXB03,F,2,3,21,1,13
FEDXB03,F,2,3,22,0,10
FEDXB03,F,2,3,23,19,4
FEDXB03,F,2,4,0,16,13
FEDXB03,F,2,4,1,0,5
FEDXB03,F,2,4,2,17,5
FEDXB03,F,2,4,3,27,0
FEDXB03,F,2,4,4,0,0
FEDXB03,F,2,4,5,0,8
FEDXB03,F,2,4,6,7,0
FEDXB03,F,2,4,7,0,0
FEDXB03,F,2,4,8,14,6
FEDXB03,F,2,4,9,0,0
FEDXB03,F,2,4,10,0,5
FEDXB03,F,2,4,11,10,0
FEDXB03,F,2,4,12,9,9
FEDXB03,F,2,4,13,21,12
FEDXB03,F,2,4,14,22,14
FEDXB03,F,2,4,15,21,22
FEDXB03,F,2,4,16,18,19
FEDXB03,F,2,4,17,10,16
FEDXB03,F,2,4,18,12,10
FEDXB03,F,2,4,19,19,0
FEDXB03,F,2,4,20,19,10
FEDXB03,F,2,4,21,7,8
FEDXB03,F,2,4,22,2,8
FEDXB03,F,2,4,23,3,12
FEDXB03,F,2,5,0,13,8
FEDXB03,F,2,5,1,7,7
FEDXB03,F,2,5,2,14,3
FEDXB03,F,2,5,3,0,0
FEDXB03,F,2,5,4,10,4
FEDXB03,F,2,5,5,4,0
FEDXB03,F,2,5,6,0,4
FEDXB03,F,2,5,7,7,0
FEDXB03,F,2,5,8,3,2
FEDXB03,F,2,5,9,8,0
FEDXB03,F,2,5,10,0,6
FEDXB03,F,2,5,11,7,0
FEDXB03,F,2,5,12,18,6
FEDXB03,F,2,5,13,18,22
FEDXB03,F,2,5,14,12,17
FEDXB03,F,2,5,15,25,19
FEDXB03,F,2,5,16,21,5
FEDXB03,F,2,5,17,22,10
FEDXB03,F,2,5,18,22,19
FEDXB03,F,2,5,19,12,9
FEDXB03,F,2,5,20,13,13
FEDXB03,F,2,5,21,8,0
FEDXB03,F,2,5,22,18,3
FEDXB03,F,2,5,23,22,11
FEDXB03,F,2,6,0,6,12
FEDXB03,F,2,6,1,10,0
FEDXB03,F,2,6,2,1,0
FEDXB03,F,2,6,3,10,15
FEDXB03,F,2,6,4,10,0
FEDXB03,F,2,6,5,0,10
FEDXB03,F,2,6,6,9,0
FEDXB03,F,2,6,7,0,0
FEDXB03,F,2,6,8,4,0
FEDXB03,F,2,6,9,0,0
FEDXB03,F,2,6,10,4,4
FEDXB03,F,2,6,11,6,5
FEDXB03,F,2,6,12,15,4
FEDXB03,F,2,6,13,21,14
FEDXB03,F,2,6,14,20,25
FEDXB03,F,2,6,15,12,15
FEDXB03,F,2,6,16,19,19
FEDXB03,F,2,6,17,12,9
FEDXB03,F,2,6,18,12,0
FEDXB03,F,2,6,19,10,10
FEDXB03,F,2,6,20,4,17
FEDXB03,F,2,6,21,7,0
FEDXB03,F,2,6,22,9,5
FEDXB03,F,2,6,23,6,9
FEDXB04,F,2,0,0,0,0
FEDXB04,F,2,0,1,0,0
FEDXB04,F,2,0,2,0,0
FEDXB04,F,2,0,3,0,0
FEDXB04,F,2,0,4,0,6
FEDXB04,F,2,0,5,0,0
FEDXB04,F,2,0,6,0,0
FEDXB04,F,2,0,7,0,6
FEDXB04,F,2,0,8,0,0
FEDXB04,F,2,0,9,0,15
FEDXB04,F,2,0,10,8,0
FEDXB04,F,2,0,11,0,16
FEDXB04,F,2,0,12,10,9
FEDXB04,F,2,0,13,7,23
FEDXB04,F,2,0,14,10,18
FEDXB04,F,2,0,15,7,28
FEDXB04,F,2,0,16,16,26
FEDXB04,F,2,0,17,1,27
FEDXB04,F,2,0,18,16,9
FEDXB04,F,2,0,19,2,20
FEDXB04,F,2,0,20,0,0
FEDXB04,F,2,0,21,2,5
FEDXB04,F,2,0,22,9,5
FEDXB04,F,2,0,23,9,20
FEDXB04,F,2,1,0,10,16
FEDXB04,F,2,1,1,0,0
FEDXB04,F,2,1,2,6,7
FEDXB04,F,2,1,3,2,0
FEDXB04,F,2,1,4,0,15
FEDXB04,F,2,1,5,4,0
FEDXB04,F,2,1,6,1,0
FEDXB04,F,2,1,7,7,10
FEDXB04,F,2,1,8,0,0
FEDXB04,F,2,1,9,1,0
FEDXB04,F,2,1,10,0,0
FEDXB04,F,2,1,11,4,8
FEDXB04,F,2,1,12,10,16
FEDXB04,F,2,1,13,16,29
FEDXB04,F,2,1,14,7,28
FEDXB04,F,2,1,15,12,16
FEDXB04,F,2,1,16,18,9
FEDXB04,F,2,1,17,9,32
FEDXB04,F,2,1,18,18,16
FEDXB04,F,2,1,19,4,0
FEDXB04,F,2,1,20,0,0
FEDXB04,F,2,1,21,14,5
FEDXB04,F,2,1,22,2,15
FEDXB04,F,2,1,23,11,23
FEDXB04,F,2,2,0,8,18
FEDXB04,F,2,2,1,0,0
FEDXB04,F,2,2,2,15,0
FEDXB04,F,2,2,3,0,0
FEDXB04,F,2,2,4,11,0
FEDXB04,F,2,2,5,3,0
FEDXB04,F,2,2,6,3,4
FEDXB04,F,2,2,7,0,0
FEDXB04,F,2,2,8,0,6
FEDXB04,F,2,2,9,8,0
FEDXB04,F,2,2,10,0,0
FEDXB04,F,2,2,11,5,0
FEDXB04,F,2,2,12,13,12
FEDXB04,F,2,2,13,16,25
FEDXB04,F,2,2,14,13,18
FEDXB04,F,2,2,15,21,24
FEDXB04,F,2,2,16,14,17
FEDXB04,F,2,2,17,8,19
FEDXB04,F,2,2,18,12,11
FEDXB04,F,2,2,19,13,0
FEDXB04,F,2,2,20,14,24
FEDXB04,F,2,2,21,16,9
FEDXB04,F,2,2,22,7,7
FEDXB04,F,2,2,23,0,12
FEDXB04,F,2,3,0,15,0
FEDXB04,F,2,3,1,0,9
FEDXB04,F,2,3,2,13,9
FEDXB04,F,2,3,3,2,0
FEDXB04,F,2,3,4,0,0
FEDXB04,F,2,3,5,7,0
FEDXB04,F,2,3,6,0,0
FEDXB04,F,2,3,7,7,0
FEDXB04,F,2,3,8,0,7
FEDXB04,F,2,3,9,3,0
FEDXB04,F,2,3,10,0,0
FEDXB04,F,2,3,11,5,6
FEDXB04,F,2,3,12,9,8
FEDXB04,F,2,3,13,14,12
FEDXB04,F,2,3,14,20,16
FEDXB04,F,2,3,15,17,14
FEDXB04,F,2,3,16,17,18
FEDXB04,F,2,3,17,17,25
FEDXB04,F,2,3,18,14,17
FEDXB04,F,2,3,19,3,14
FEDXB04,F,2,3,20,0,4
FEDXB04,F,2,3,21,4,0
FEDXB04,F,2,3,22,12,10
FEDXB04,F,2,3,23,18,21
FEDXB04,F,2,4,0,13,13
FEDXB04,F,2,4,1,0,0
FEDXB04,F,2,4,2,15,0
FEDXB04,F,2,4,3,0,0
FEDXB04,F,2,4,4,8,6
FEDXB04,F,2,4,5,0,0
FEDXB04,F,2,4,6,0,0
FEDXB04,F,2,4,7,0,0
FEDXB04,F,2,4,8,7,4
FEDXB04,F,2,4,9,2,0
FEDXB04,F,2,4,10,8,0
FEDXB04,F,2,4,11,3,5
FEDXB04,F,2,4,12,9,8
FEDXB04,F,2,4,13,13,16
FEDXB04,F,2,4,14,22,10
FEDXB04,F,2,4,15,14,17
FEDXB04,F,2,4,16,14,16
FEDXB04,F,2,4,17,5,13
FEDXB04,F,2,4,18,18,11
FEDXB04,F,2,4,19,11,11
FEDXB04,F,2,4,20,0,14
FEDXB04,F,2,4,21,0,0
FEDXB04,F,2,4,22,11,11
FEDXB04,F,2,4,23,18,9
FEDXB04,F,2,5,0,0,5
FEDXB04,F,2,5,1,5,8
FEDXB04,F,2,5,2,3,0
FEDXB04,F,2,5,3,0,12
FEDXB04,F,2,5,4,8,0
FEDXB04,F,2,5,5,6,10
FEDXB04,F,2,5,6,0,0
FEDXB04,F,2,5,7,4,6
FEDXB04,F,2,5,8,0,0
FEDXB04,F,2,5,9,8,0
FEDXB04,F,2,5,10,0,8
FEDXB04,F,2,5,11,5,0
FEDXB04,F,2,5,12,11,6
FEDXB04,F,2,5,13,17,16
FEDXB04,F,2,5,14,18,14
FEDXB04,F,2,5,15,18,22
FEDXB04,F,2,5,16,18,20
FEDXB04,F,2,5,17,17,18
FEDXB04,F,2,5,18,7,10
FEDXB04,F,2,5,19,17,6
FEDXB04,F,2,5,20,6,8
FEDXB04,F,2,5,21,6,0
FEDXB04,F,2,5,22,17,19
FEDXB04,F,2,5,23,15,11
FEDXB04,F,2,6,0,5,8
FEDXB04,F,2,6,1,4,0
FEDXB04,F,2,6,2,0,6
FEDXB04,F,2,6,3,13,10
FEDXB04,F,2,6,4,0,0
FEDXB04,F,2,6,5,5,3
FEDXB04,F,2,6,6,5,0
FEDXB04,F,2,6,7,0,0
FEDXB04,F,2,6,8,9,0
FEDXB04,F,2,6,9,4,8
FEDXB04,F,2,6,10,4,0
FEDXB04,F,2,6,11,8,6
FEDXB04,F,2,6,12,10,10
FEDXB04,F,2,6,13,9,11
FEDXB04,F,2,6,14,18,16
FEDXB04,F,2,6,15,23,22
FEDXB04,F,2,6,16,16,17
FEDXB04,F,2,6,17,13,21
FEDXB04,F,2,6,18,18,13
FEDXB04,F,2,6,19,17,0
FEDXB04,F,2,6,20,5,7
FEDXB04,F,2,6,21,8,0
FEDXB04,F,2,6,22,9,5
FEDXB04,F,2,6,23,13,15
FEDXB05,F,2,0,0,0,0
FEDXB05,F,2,0,1,0,0
FEDXB05,F,2,0,2,5,0
FEDXB05,F,2,0,3,5,0
FEDXB05,F,2,0,4,9,14
FEDXB05,F,2,0,5,0,24
FEDXB05,F,2,0,6,0,0
FEDXB05,F,2,0,7,6,8
FEDXB05,F,2,0,8,0,0
FEDXB05,F,2,0,9,9,16
FEDXB05,F,2,0,10,0,5
FEDXB05,F,2,0,11,0,13
FEDXB05,F,2,0,12,10,10
FEDXB05,F,2,0,13,14,20
FEDXB05,F,2,0,14,15,18
FEDXB05,F,2,0,15,14,10
FEDXB05,F,2,0,16,16,27
FEDXB05,F,2,0,17,11,5
FEDXB05,F,2,0,18,17,12
FEDXB05,F,2,0,19,8,22
FEDXB05,F,2,0,20,1,5
FEDXB05,F,2,0,21,0,20
FEDXB05,F,2,0,22,2,8
FEDXB05,F,2,0,23,13,0
FEDXB05,F,2,1,0,3,0
FEDXB05,F,2,1,1,0,0
FEDXB05,F,2,1,2,1,16
FEDXB05,F,2,1,3,10,14
FEDXB05,F,2,1,4,0,11
FEDXB05,F,2,1,5,0,4
FEDXB05,F,2,1,6,8,0
FEDXB05,F,2,1,7,0,0
FEDXB05,F,2,1,8,1,3
FEDXB05,F,2,1,9,0,0
FEDXB05,F,2,1,10,1,12
FEDXB05,F,2,1,11,9,5
FEDXB05,F,2,1,12,6,6
FEDXB05,F,2,1,13,13,14
FEDXB05,F,2,1,14,16,18
FEDXB05,F,2,1,15,16,31
FEDXB05,F,2,1,16,13,19
FEDXB05,F,2,1,17,14,21
FEDXB05,F,2,1,18,11,11
FEDXB05,F,2,1,19,9,17
FEDXB05,F,2,1,20,3,0
FEDXB05,F,2,1,21,0,0
FEDXB05,F,2,1,22,15,16
FEDXB05,F,2,1,23,9,0
FEDXB05,F,2,2,0,7,16
FEDXB05,F,2,2,1,0,0
FEDXB05,F,2,2,2,8,5
FEDXB05,F,2,2,3,0,12
FEDXB05,F,2,2,4,6,0
FEDXB05,F,2,2,5,2,16
FEDXB05,F,2,2,6,5,0
FEDXB05,F,2,2,7,0,0
FEDXB05,F,2,2,8,0,3
FEDXB05,F,2,2,9,8,0
FEDXB05,F,2,2,10,0,9
FEDXB05,F,2,2,11,11,0
FEDXB05,F,2,2,12,8,4
FEDXB05,F,2,2,13,16,18
FEDXB05,F,2,2,14,21,25
FEDXB05,F,2,2,15,15,9
FEDXB05,F,2,2,16,13,17
FEDXB05,F,2,2,17,16,0
FEDXB05,F,2,2,18,17,29
FEDXB05,F,2,2,19,14,16
FEDXB05,F,2,2,20,21,14
FEDXB05,F,2,2,21,6,11
FEDXB05,F,2,2,22,4,0
FEDXB05,F,2,2,23,5,6
FEDXB05,F,2,3,0,12,14
FEDXB05,F,2,3,1,0,0
FEDXB05,F,2,3,2,4,5
FEDXB05,F,2,3,3,0,1
FEDXB05,F,2,3,4,7,1
FEDXB05,F,2,3,5,5,3
FEDXB05,F,2,3,6,0,4
FEDXB05,F,2,3,7,4,0
FEDXB05,F,2,3,8,0,2
FEDXB05,F,2,3,9,4,0
FEDXB05,F,2,3,10,3,0
FEDXB05,F,2,3,11,4,4
FEDXB05,F,2,3,12,5,5
FEDXB05,F,2,3,13,19,11
FEDXB05,F,2,3,14,18,14
FEDXB05,F,2,3,15,20,16
FEDXB05,F,2,3,16,5,13
FEDXB05,F,2,3,17,12,26
FEDXB05,F,2,3,18,20,17
FEDXB05,F,2,3,19,15,15
FEDXB05,F,2,3,20,15,0
FEDXB05,F,2,3,21,0,0
FEDXB05,F,2,3,22,10,19
FEDXB05,F,2,3,23,21,17
FEDXB05,F,2,4,0,7,7
FEDXB05,F,2,4,1,0,0
FEDXB05,F,2,4,2,9,2
FEDXB05,F,2,4,3,0,4
FEDXB05,F,2,4,4,10,0
FEDXB05,F,2,4,5,0,3
FEDXB05,F,2,4,6,0,0
FEDXB05,F,2,4,7,5,4
FEDXB05,F,2,4,8,0,0
FEDXB05,F,2,4,9,4,3
FEDXB05,F,2,4,10,4,4
FEDXB05,F,2,4,11,2,0
FEDXB05,F,2,4,12,13,3
FEDXB05,F,2,4,13,19,9
FEDXB05,F,2,4,14,18,14
FEDXB05,F,2,4,15,10,11
FEDXB05,F,2,4,16,12,14
FEDXB05,F,2,4,17,31,20
FEDXB05,F,2,4,18,15,21
FEDXB05,F,2,4,19,16,11
FEDXB05,F,2,4,20,0,4
FEDXB05,F,2,4,21,0,13
FEDXB05,F,2,4,22,17,4
FEDXB05,F,2,4,23,11,7
FEDXB05,F,2,5,0,18,7
FEDXB05,F,2,5,1,0,0
FEDXB05,F,2,5,2,8,2
FEDXB05,F,2,5,3,0,9
FEDXB05,F,2,5,4,18,0
FEDXB05,F,2,5,5,0,5
FEDXB05,F,2,5,6,0,6
FEDXB05,F,2,5,7,1,0
FEDXB05,F,2,5,8,0,3
FEDXB05,F,2,5,9,9,9
FEDXB05,F,2,5,10,0,0
FEDXB05,F,2,5,11,7,6
FEDXB05,F,2,5,12,6,9
FEDXB05,F,2,5,13,16,24
FEDXB05,F,2,5,14,26,17
FEDXB05,F,2,5,15,16,13
FEDXB05,F,2,5,16,25,18
FEDXB05,F,2,5,17,20,14
FEDXB05,F,2,5,18,16,16
FEDXB05,F,2,5,19,21,0
FEDXB05,F,2,5,20,13,17
FEDXB05,F,2,5,21,17,11
FEDXB05,F,2,5,22,0,1
FEDXB05,F,2,5,23,13,21
FEDXB05,F,2,6,0,11,10
FEDXB05,F,2,6,1,0,4
FEDXB05,F,2,6,2,0,10
FEDXB05,F,2,6,3,10,12
FEDXB05,F,2,6,4,0,12
FEDXB05,F,2,6,5,0,0
FEDXB05,F,2,6,6,3,0
FEDXB05,F,2,6,7,0,11
FEDXB05,F,2,6,8,5,0
FEDXB05,F,2,6,9,0,0
FEDXB05,F,2,6,10,10,5
FEDXB05,F,2,6,11,0,6
FEDXB05,F,2,6,12,8,9
FEDXB05,F,2,6,13,14,20
FEDXB05,F,2,6,14,17,24
FEDXB05,F,2,6,15,20,5
FEDXB05,F,2,6,16,27,34
FEDXB05,F,2,6,17,21,17
FEDXB05,F,2,6,18,17,0
FEDXB05,F,2,6,19,16,18
FEDXB05,F,2,6,20,14,2
FEDXB05,F,2,6,21,15,2
FEDXB05,F,2,6,22,3,12
FEDXB05,F,2,6,23,11,10
FEDXB06,F,2,0,0,0,0
FEDXB06,F,2,0,1,0,0
FEDXB06,F,2,0,2,7,0
FEDXB06,F,2,0,3,0,0
FEDXB06,F,2,0,4,0,44
FEDXB06,F,2,0,5,5,14
FEDXB06,F,2,0,6,0,0
FEDXB06,F,2,0,7,0,5
FEDXB06,F,2,0,8,4,9
FEDXB06,F,2,0,9,0,3
FEDXB06,F,2,0,10,9,0
FEDXB06,F,2,0,11,0,0
FEDXB06,F,2,0,12,12,3
FEDXB06,F,2,0,13,13,9
FEDXB06,F,2,0,14,12,0
FEDXB06,F,2,0,15,7,12
FEDXB06,F,2,0,16,6,0
FEDXB06,F,2,0,17,12,0
FEDXB06,F,2,0,18,16,4
FEDXB06,F,2,0,19,8,9
FEDXB06,F,2,0,20,4,3
FEDXB06,F,2,0,21,2,18
FEDXB06,F,2,0,22,4,5
FEDXB06,F,2,0,23,13,0
FEDXB06,F,2,1,0,5,4
FEDXB06,F,2,1,1,0,8
FEDXB06,F,2,1,2,0,15
FEDXB06,F,2,1,3,14,22
FEDXB06,F,2,1,4,0,15
FEDXB06,F,2,1,5,0,12
FEDXB06,F,2,1,6,4,17
FEDXB06,F,2,1,7,0,6
FEDXB06,F,2,1,8,1,4
FEDXB06,F,2,1,9,7,0
FEDXB06,F,2,1,10,2,15
FEDXB06,F,2,1,11,11,35
FEDXB06,F,2,1,12,10,17
FEDXB06,F,2,1,13,10,20
FEDXB06,F,2,1,14,11,19
FEDXB06,F,2,1,15,14,24
FEDXB06,F,2,1,16,10,24
FEDXB06,F,2,1,17,0,11
FEDXB06,F,2,1,18,4,0
FEDXB06,F,2,1,19,17,12
FEDXB06,F,2,1,20,6,8
FEDXB06,F,2,1,21,1,0
FEDXB06,F,2,1,22,0,14
FEDXB06,F,2,1,23,11,11
FEDXB06,F,2,2,0,3,0
FEDXB06,F,2,2,1,6,5
FEDXB06,F,2,2,2,14,10
FEDXB06,F,2,2,3,0,22
FEDXB06,F,2,2,4,4,2
FEDXB06,F,2,2,5,7,8
FEDXB06,F,2,2,6,0,9
FEDXB06,F,2,2,7,6,1
FEDXB06,F,2,2,8,2,14
FEDXB06,F,2,2,9,6,0
FEDXB06,F,2,2,10,11,0
FEDXB06,F,2,2,11,3,11
FEDXB06,F,2,2,12,19,24
FEDXB06,F,2,2,13,12,24
FEDXB06,F,2,2,14,20,16
FEDXB06,F,2,2,15,16,25
FEDXB06,F,2,2,16,15,13
FEDXB06,F,2,2,17,19,19
FEDXB06,F,2,2,18,13,13
FEDXB06,F,2,2,19,12,7
FEDXB06,F,2,2,20,8,0
FEDXB06,F,2,2,21,0,4
FEDXB06,F,2,2,22,1,0
FEDXB06,F,2,2,23,15,10
FEDXB06,F,2,3,0,15,9
FEDXB06,F,2,3,1,0,0
FEDXB06,F,2,3,2,7,16
FEDXB06,F,2,3,3,6,0
FEDXB06,F,2,3,4,7,0
FEDXB06,F,2,3,5,3,16
FEDXB06,F,2,3,6,0,0
FEDXB06,F,2,3,7,4,0
FEDXB06,F,2,3,8,0,10
FEDXB06,F,2,3,9,8,4
FEDXB06,F,2,3,10,0,5
FEDXB06,F,2,3,11,12,13
FEDXB06,F,2,3,12,8,21
FEDXB06,F,2,3,13,17,21
FEDXB06,F,2,3,14,19,13
FEDXB06,F,2,3,15,16,17
FEDXB06,F,2,3,16,18,22
FEDXB06,F,2,3,17,11,21
FEDXB06,F,2,3,18,20,25
FEDXB06,F,2,3,19,12,0
FEDXB06,F,2,3,20,15,0
FEDXB06,F,2,3,21,5,9
FEDXB06,F,2,3,22,1,13
FEDXB06,F,2,3,23,4,4
FEDXB06,F,2,4,0,10,15
FEDXB06,F,2,4,1,5,0
FEDXB06,F,2,4,2,8,11
FEDXB06,F,2,4,3,7,9
FEDXB06,F,2,4,4,0,0
FEDXB06,F,2,4,5,3,0
FEDXB06,F,2,4,6,1,0
FEDXB06,F,2,4,7,3,3
FEDXB06,F,2,4,8,2,4
FEDXB06,F,2,4,9,0,0
FEDXB06,F,2,4,10,9,19
FEDXB06,F,2,4,11,2,0
FEDXB06,F,2,4,12,12,22
FEDXB06,F,2,4,13,19,10
FEDXB06,F,2,4,14,17,21
FEDXB06,F,2,4,15,18,20
FEDXB06,F,2,4,16,14,19
FEDXB06,F,2,4,17,18,20
FEDXB06,F,2,4,18,18,25
FEDXB06,F,2,4,19,9,12
FEDXB06,F,2,4,20,0,0
FEDXB06,F,2,4,21,8,18
FEDXB06,F,2,4,22,16,5
FEDXB06,F,2,4,23,17,12
FEDXB06,F,2,5,0,0,0
FEDXB06,F,2,5,1,7,3
FEDXB06,F,2,5,2,6,13
FEDXB06,F,2,5,3,2,10
FEDXB06,F,2,5,4,13,0
FEDXB06,F,2,5,5,0,0
FEDXB06,F,2,5,6,0,14
FEDXB06,F,2,5,7,2,0
FEDXB06,F,2,5,8,0,6
FEDXB06,F,2,5,9,4,22
FEDXB06,F,2,5,10,0,0
FEDXB06,F,2,5,11,10,19
FEDXB06,F,2,5,12,16,25
FEDXB06,F,2,5,13,11,35
FEDXB06,F,2,5,14,14,37
FEDXB06,F,2,5,15,23,32
FEDXB06,F,2,5,16,21,14
FEDXB06,F,2,5,17,14,0
FEDXB06,F,2,5,18,13,40
FEDXB06,F,2,5,19,14,12
FEDXB06,F,2,5,20,17,7
FEDXB06,F,2,5,21,9,1
FEDXB06,F,2,5,22,0,14
FEDXB06,F,2,5,23,7,31
FEDXB06,F,2,6,0,5,29
FEDXB06,F,2,6,1,4,17
FEDXB06,F,2,6,2,0,0
FEDXB06,F,2,6,3,19,23
FEDXB06,F,2,6,4,0,13
FEDXB06,F,2,6,5,5,0
FEDXB06,F,2,6,6,0,8
FEDXB06,F,2,6,7,0,4
FEDXB06,F,2,6,8,4,5
FEDXB06,F,2,6,9,10,0
FEDXB06,F,2,6,10,0,7
FEDXB06,F,2,6,11,3,10
FEDXB06,F,2,6,12,17,21
FEDXB06,F,2,6,13,17,17
FEDXB06,F,2,6,14,15,25
FEDXB06,F,2,6,15,19,20
FEDXB06,F,2,6,16,30,28
FEDXB06,F,2,6,17,7,12
FEDXB06,F,2,6,18,5,11
FEDXB06,F,2,6,19,7,0
FEDXB06,F,2,6,20,1,23
FEDXB06,F,2,6,21,0,0
FEDXB06,F,2,6,22,0,16
FEDXB06,F,2,6,23,0,16
FEDXB07,F,1,0,0,0,0
FEDXB07,F,1,0,1,0,0
FEDXB07,F,1,0,2,0,5
FEDXB07,F,1,0,3,0,2
FEDXB07,F,1,0,4,0,0
FEDXB07,F,1,0,5,9,18
FEDXB07,F,1,0,6,0,0
FEDXB07,F,1,0,7,0,0
FEDXB07,F,1,0,8,2,6
FEDXB07,F,1,0,9,0,0
FEDXB07,F,1,0,10,5,12
FEDXB07,F,1,0,11,3,0
FEDXB07,F,1,0,12,10,19
FEDXB07,F,1,0,13,14,13
FEDXB07,F,1,0,14,13,17
FEDXB07,F,1,0,15,21,12
FEDXB07,F,1,0,16,16,13
FEDXB07,F,1,0,17,14,18
FEDXB07,F,1,0,18,8,21
FEDXB07,F,1,0,19,0,17
FEDXB07,F,1,0,20,17,0
FEDXB07,F,1,0,21,8,5
FEDXB07,F,1,0,22,0,12
FEDXB07,F,1,0,23,7,17
FEDXB07,F,1,1,0,18,5
FEDXB07,F,1,1,1,0,0
FEDXB07,F,1,1,2,4,0
FEDXB07,F,1,1,3,13,6
FEDXB07,F,1,1,4,6,0
FEDXB07,F,1,1,5,0,0
FEDXB07,F,1,1,6,7,14
FEDXB07,F,1,1,7,4,0
FEDXB07,F,1,1,8,0,0
FEDXB07,F,1,1,9,0,4
FEDXB07,F,1,1,10,5,6
FEDXB07,F,1,1,11,4,9
FEDXB07,F,1,1,12,9,7
FEDXB07,F,1,1,13,22,21
FEDXB07,F,1,1,14,26,13
FEDXB07,F,1,1,15,14,15
FEDXB07,F,1,1,16,17,7
FEDXB07,F,1,1,17,14,23
FEDXB07,F,1,1,18,7,12
FEDXB07,F,1,1,19,14,12
FEDXB07,F,1,1,20,1,17
FEDXB07,F,1,1,21,10,8
FEDXB07,F,1,1,22,9,8
FEDXB07,F,1,1,23,15,3
FEDXB07,F,1,2,0,21,16
FEDXB07,F,1,2,1,8,1
FEDXB07,F,1,2,2,8,8
FEDXB07,F,1,2,3,10,0
FEDXB07,F,1,2,4,0,0
FEDXB07,F,1,2,5,0,12
FEDXB07,F,1,2,6,6,0
FEDXB07,F,1,2,7,0,7
FEDXB07,F,1,2,8,0,0
FEDXB07,F,1,2,9,6,0
FEDXB07,F,1,2,10,0,8
FEDXB07,F,1,2,11,0,10
FEDXB07,F,1,2,12,19,4
FEDXB07,F,1,2,13,14,16
FEDXB07,F,1,2,14,19,19
FEDXB07,F,1,2,15,18,12
FEDXB07,F,1,2,16,17,17
FEDXB07,F,1,2,17,16,15
FEDXB07,F,1,2,18,16,13
FEDXB07,F,1,2,19,17,7
FEDXB07,F,1,2,20,19,13
FEDXB07,F,1,2,21,17,7
FEDXB07,F,1,2,22,12,14
FEDXB07,F,1,2,23,22,17
FEDXB07,F,1,3,0,1,9
FEDXB07,F,1,3,1,0,0
FEDXB07,F,1,3,2,18,5
FEDXB07,F,1,3,3,3,10
FEDXB07,F,1,3,4,0,0
FEDXB07,F,1,3,5,9,0
FEDXB07,F,1,3,6,0,0
FEDXB07,F,1,3,7,0,5
FEDXB07,F,1,3,8,5,0
FEDXB07,F,1,3,9,0,0
FEDXB07,F,1,3,10,5,4
FEDXB07,F,1,3,11,9,11
FEDXB07,F,1,3,12,15,8
FEDXB07,F,1,3,13,19,17
FEDXB07,F,1,3,14,18,22
FEDXB07,F,1,3,15,20,17
FEDXB07,F,1,3,16,25,16
FEDXB07,F,1,3,17,18,17
FEDXB07,F,1,3,18,28,13
FEDXB07,F,1,3,19,11,14
FEDXB07,F,1,3,20,20,13
FEDXB07,F,1,3,21,3,0
FEDXB07,F,1,3,22,14,9
FEDXB07,F,1,3,23,14,6
FEDXB07,F,1,4,0,28,17
FEDXB07,F,1,4,1,0,0
FEDXB07,F,1,4,2,11,4
FEDXB07,F,1,4,3,11,2
FEDXB07,F,1,4,4,0,5
FEDXB07,F,1,4,5,0,0
FEDXB07,F,1,4,6,3,12
FEDXB07,F,1,4,7,0,0
FEDXB07,F,1,4,8,7,0
FEDXB07,F,1,4,9,0,0
FEDXB07,F,1,4,10,7,8
FEDXB07,F,1,4,11,0,6
FEDXB07,F,1,4,12,15,13
FEDXB07,F,1,4,13,23,15
FEDXB07,F,1,4,14,23,28
FEDXB07,F,1,4,15,21,19
FEDXB07,F,1,4,16,17,11
FEDXB07,F,1,4,17,31,17
FEDXB07,F,1,4,18,19,16
FEDXB07,F,1,4,19,22,4
FEDXB07,F,1,4,20,13,0
FEDXB07,F,1,4,21,4,14
FEDXB07,F,1,4,22,4,16
FEDXB07,F,1,4,23,29,17
FEDXB07,F,1,5,0,18,9
FEDXB07,F,1,5,1,7,1
FEDXB07,F,1,5,2,10,5
FEDXB07,F,1,5,3,8,0
FEDXB07,F,1,5,4,0,0
FEDXB07,F,1,5,5,0,0
FEDXB07,F,1,5,6,9,8
FEDXB07,F,1,5,7,0,0
FEDXB07,F,1,5,8,6,0
FEDXB07,F,1,5,9,1,16
FEDXB07,F,1,5,10,5,0
FEDXB07,F,1,5,11,7,9
FEDXB07,F,1,5,12,10,8
FEDXB07,F,1,5,13,18,13
FEDXB07,F,1,5,14,17,15
FEDXB07,F,1,5,15,25,17
FEDXB07,F,1,5,16,23,29
FEDXB07,F,1,5,17,23,9
FEDXB07,F,1,5,18,28,18
FEDXB07,F,1,5,19,17,14
FEDXB07,F,1,5,20,17,15
FEDXB07,F,1,5,21,18,5
FEDXB07,F,1,5,22,0,3
FEDXB07,F,1,5,23,18,16
FEDXB07,F,1,6,0,18,5
FEDXB07,F,1,6,1,0,0
FEDXB07,F,1,6,2,0,0
FEDXB07,F,1,6,3,6,7
FEDXB07,F,1,6,4,9,3
FEDXB07,F,1,6,5,0,0
FEDXB07,F,1,6,6,3,7
FEDXB07,F,1,6,7,0,0
FEDXB07,F,1,6,8,0,0
FEDXB07,F,1,6,9,10,7
FEDXB07,F,1,6,10,0,0
FEDXB07,F,1,6,11,8,8
FEDXB07,F,1,6,12,14,11
FEDXB07,F,1,6,13,20,17
FEDXB07,F,1,6,14,22,19
FEDXB07,F,1,6,15,24,16
FEDXB07,F,1,6,16,27,17
FEDXB07,F,1,6,17,21,17
FEDXB07,F,1,6,18,24,11
FEDXB07,F,1,6,19,17,5
FEDXB07,F,1,6,20,15,0
FEDXB07,F,1,6,21,25,12
FEDXB07,F,1,6,22,13,16
FEDXB07,F,1,6,23,15,12
FEDXB08,F,1,0,0,0,0
FEDXB08,F,1,0,1,0,0
FEDXB08,F,1,0,2,0,4
FEDXB08,F,1,0,3,0,0
FEDXB08,F,1,0,4,1,12
FEDXB08,F,1,0,5,9,0
FEDXB08,F,1,0,6,1,9
FEDXB08,F,1,0,7,7,0
FEDXB08,F,1,0,8,4,14
FEDXB08,F,1,0,9,4,0
FEDXB08,F,1,0,10,6,10
FEDXB08,F,1,0,11,9,7
FEDXB08,F,1,0,12,14,3
FEDXB08,F,1,0,13,13,15
FEDXB08,F,1,0,14,17,17
FEDXB08,F,1,0,15,11,16
FEDXB08,F,1,0,16,7,19
FEDXB08,F,1,0,17,8,6
FEDXB08,F,1,0,18,21,0
FEDXB08,F,1,0,19,6,0
FEDXB08,F,1,0,20,8,26
FEDXB08,F,1,0,21,0,12
FEDXB08,F,1,0,22,0,8
FEDXB08,F,1,0,23,3,0
FEDXB08,F,1,1,0,4,4
FEDXB08,F,1,1,1,2,5
FEDXB08,F,1,1,2,4,9
FEDXB08,F,1,1,3,20,7
FEDXB08,F,1,1,4,4,0
FEDXB08,F,1,1,5,6,6
FEDXB08,F,1,1,6,11,3
FEDXB08,F,1,1,7,0,0
FEDXB08,F,1,1,8,9,7
FEDXB08,F,1,1,9,10,4
FEDXB08,F,1,1,10,5,12
FEDXB08,F,1,1,11,12,0
FEDXB08,F,1,1,12,9,11
FEDXB08,F,1,1,13,16,12
FEDXB08,F,1,1,14,20,16
FEDXB08,F,1,1,15,14,22
FEDXB08,F,1,1,16,17,19
FEDXB08,F,1,1,17,0,0
FEDXB08,F,1,1,18,18,14
FEDXB08,F,1,1,19,4,16
FEDXB08,F,1,1,20,7,0
FEDXB08,F,1,1,21,3,0
FEDXB08,F,1,1,22,4,5
FEDXB08,F,1,1,23,11,11
FEDXB08,F,1,2,0,7,15
FEDXB08,F,1,2,1,10,4
FEDXB08,F,1,2,2,0,1
FEDXB08,F,1,2,3,4,0
FEDXB08,F,1,2,4,0,0
FEDXB08,F,1,2,5,3,11
FEDXB08,F,1,2,6,0,0
FEDXB08,F,1,2,7,5,5
FEDXB08,F,1,2,8,0,0
FEDXB08,F,1,2,9,0,9
FEDXB08,F,1,2,10,5,0
FEDXB08,F,1,2,11,7,9
FEDXB08,F,1,2,12,7,10
FEDXB08,F,1,2,13,14,9
FEDXB08,F,1,2,14,11,22
FEDXB08,F,1,2,15,16,17
FEDXB08,F,1,2,16,11,14
FEDXB08,F,1,2,17,20,10
FEDXB08,F,1,2,18,15,8
FEDXB08,F,1,2,19,17,13
FEDXB08,F,1,2,20,0,20
FEDXB08,F,1,2,21,0,4
FEDXB08,F,1,2,22,13,0
FEDXB08,F,1,2,23,12,11
FEDXB08,F,1,3,0,14,9
FEDXB08,F,1,3,1,5,0
FEDXB08,F,1,3,2,4,3
FEDXB08,F,1,3,3,1,0
FEDXB08,F,1,3,4,0,4
FEDXB08,F,1,3,5,0,8
FEDXB08,F,1,3,6,10,0
FEDXB08,F,1,3,7,0,0
FEDXB08,F,1,3,8,0,7
FEDXB08,F,1,3,9,4,0
FEDXB08,F,1,3,10,0,11
FEDXB08,F,1,3,11,5,0
FEDXB08,F,1,3,12,8,16
FEDXB08,F,1,3,13,12,6
FEDXB08,F,1,3,14,17,17
FEDXB08,F,1,3,15,18,10
FEDXB08,F,1,3,16,15,18
FEDXB08,F,1,3,17,5,13
FEDXB08,F,1,3,18,19,9
FEDXB08,F,1,3,19,15,0
FEDXB08,F,1,3,20,17,21
FEDXB08,F,1,3,21,3,0
FEDXB08,F,1,3,22,0,11
FEDXB08,F,1,3,23,3,10
FEDXB08,F,1,4,0,17,4
FEDXB08,F,1,4,1,0,0
FEDXB08,F,1,4,2,9,3
FEDXB08,F,1,4,3,2,8
FEDXB08,F,1,4,4,7,0
FEDXB08,F,1,4,5,0,7
FEDXB08,F,1,4,6,0,0
FEDXB08,F,1,4,7,3,0
FEDXB08,F,1,4,8,0,7
FEDXB08,F,1,4,9,0,5
FEDXB08,F,1,4,10,6,9
FEDXB08,F,1,4,11,7,11
FEDXB08,F,1,4,12,6,4
FEDXB08,F,1,4,13,14,18
FEDXB08,F,1,4,14,15,17
FEDXB08,F,1,4,15,20,6
FEDXB08,F,1,4,16,16,17
FEDXB08,F,1,4,17,21,16
FEDXB08,F,1,4,18,10,13
FEDXB08,F,1,4,19,5,4
FEDXB08,F,1,4,20,0,0
FEDXB08,F,1,4,21,0,16
FEDXB08,F,1,4,22,15,0
FEDXB08,F,1,4,23,9,7
FEDXB08,F,1,5,0,26,17
FEDXB08,F,1,5,1,0,3
FEDXB08,F,1,5,2,0,6
FEDXB08,F,1,5,3,7,0
FEDXB08,F,1,5,4,7,15
FEDXB08,F,1,5,5,0,0
FEDXB08,F,1,5,6,6,0
FEDXB08,F,1,5,7,0,5
FEDXB08,F,1,5,8,7,0
FEDXB08,F,1,5,9,0,13
FEDXB08,F,1,5,10,6,0
FEDXB08,F,1,5,11,5,13
FEDXB08,F,1,5,12,13,12
FEDXB08,F,1,5,13,14,11
FEDXB08,F,1,5,14,11,17
FEDXB08,F,1,5,15,24,18
FEDXB08,F,1,5,16,7,25
FEDXB08,F,1,5,17,20,5
FEDXB08,F,1,5,18,17,0
FEDXB08,F,1,5,19,8,21
FEDXB08,F,1,5,20,12,4
FEDXB08,F,1,5,21,21,0
FEDXB08,F,1,5,22,4,11
FEDXB08,F,1,5,23,4,15
FEDXB08,F,1,6,0,0,9
FEDXB08,F,1,6,1,6,0
FEDXB08,F,1,6,2,5,0
FEDXB08,F,1,6,3,5,13
FEDXB08,F,1,6,4,2,0
FEDXB08,F,1,6,5,7,0
FEDXB08,F,1,6,6,0,7
FEDXB08,F,1,6,7,0,11
FEDXB08,F,1,6,8,2,7
FEDXB08,F,1,6,9,4,0
FEDXB08,F,1,6,10,5,6
FEDXB08,F,1,6,11,7,0
FEDXB08,F,1,6,12,9,9
FEDXB08,F,1,6,13,11,16
FEDXB08,F,1,6,14,17,19
FEDXB08,F,1,6,15,21,11
FEDXB08,F,1,6,16,19,18
FEDXB08,F,1,6,17,21,7
FEDXB08,F,1,6,18,16,0
FEDXB08,F,1,6,19,0,22
FEDXB08,F,1,6,20,4,7
FEDXB08,F,1,6,21,16,0
FEDXB08,F,1,6,22,7,9
FEDXB08,F,1,6,23,4,10
FEDXB10,F,1,0,0,0,0
FEDXB10,F,1,0,1,0,0
FEDXB10,F,1,0,2,0,0
FEDXB10,F,1,0,3,0,2
FEDXB10,F,1,0,4,2,8
FEDXB10,F,1,0,5,11,14
FEDXB10,F,1,0,6,3,4
FEDXB10,F,1,0,7,6,0
FEDXB10,F,1,0,8,6,12
FEDXB10,F,1,0,9,8,2
FEDXB10,F,1,0,10,6,12
FEDXB10,F,1,0,11,8,6
FEDXB10,F,1,0,12,14,10
FEDXB10,F,1,0,13,21,11
FEDXB10,F,1,0,14,16,5
FEDXB10,F,1,0,15,18,18
FEDXB10,F,1,0,16,17,12
FEDXB10,F,1,0,17,23,12
FEDXB10,F,1,0,18,0,0
FEDXB10,F,1,0,19,17,0
FEDXB10,F,1,0,20,11,7
FEDXB10,F,1,0,21,0,8
FEDXB10,F,1,0,22,14,10
FEDXB10,F,1,0,23,11,11
FEDXB10,F,1,1,0,24,11
FEDXB10,F,1,1,1,11,0
FEDXB10,F,1,1,2,11,6
FEDXB10,F,1,1,3,13,6
FEDXB10,F,1,1,4,5,0
FEDXB10,F,1,1,5,5,10
FEDXB10,F,1,1,6,10,0
FEDXB10,F,1,1,7,0,0
FEDXB10,F,1,1,8,11,7
FEDXB10,F,1,1,9,0,0
FEDXB10,F,1,1,10,14,11
FEDXB10,F,1,1,11,5,7
FEDXB10,F,1,1,12,10,18
FEDXB10,F,1,1,13,15,5
FEDXB10,F,1,1,14,18,11
FEDXB10,F,1,1,15,21,11
FEDXB10,F,1,1,16,10,6
FEDXB10,F,1,1,17,17,15
FEDXB10,F,1,1,18,5,15
FEDXB10,F,1,1,19,3,10
FEDXB10,F,1,1,20,13,2
FEDXB10,F,1,1,21,16,0
FEDXB10,F,1,1,22,15,15
FEDXB10,F,1,1,23,18,11
FEDXB10,F,1,2,0,16,14
FEDXB10,F,1,2,1,8,0
FEDXB10,F,1,2,2,13,12
FEDXB10,F,1,2,3,6,2
FEDXB10,F,1,2,4,0,13
FEDXB10,F,1,2,5,4,0
FEDXB10,F,1,2,6,7,7
FEDXB10,F,1,2,7,0,6
FEDXB10,F,1,2,8,0,5
FEDXB10,F,1,2,9,23,0
FEDXB10,F,1,2,10,0,8
FEDXB10,F,1,2,11,7,10
FEDXB10,F,1,2,12,14,13
FEDXB10,F,1,2,13,15,13
FEDXB10,F,1,2,14,20,17
FEDXB10,F,1,2,15,16,11
FEDXB10,F,1,2,16,18,12
FEDXB10,F,1,2,17,2,13
FEDXB10,F,1,2,18,18,10
FEDXB10,F,1,2,19,20,9
FEDXB10,F,1,2,20,8,13
FEDXB10,F,1,2,21,8,11
FEDXB10,F,1,2,22,7,17
FEDXB10,F,1,2,23,11,10
FEDXB10,F,1,3,0,18,0
FEDXB10,F,1,3,1,0,6
FEDXB10,F,1,3,2,11,11
FEDXB10,F,1,3,3,4,5
FEDXB10,F,1,3,4,6,9
FEDXB10,F,1,3,5,1,0
FEDXB10,F,1,3,6,4,0
FEDXB10,F,1,3,7,4,3
FEDXB10,F,1,3,8,0,6
FEDXB10,F,1,3,9,0,5
FEDXB10,F,1,3,10,5,3
FEDXB10,F,1,3,11,5,9
FEDXB10,F,1,3,12,10,15
FEDXB10,F,1,3,13,14,18
FEDXB10,F,1,3,14,12,14
FEDXB10,F,1,3,15,16,15
FEDXB10,F,1,3,16,17,19
FEDXB10,F,1,3,17,14,12
FEDXB10,F,1,3,18,0,16
FEDXB10,F,1,3,19,9,1
FEDXB10,F,1,3,20,15,0
FEDXB10,F,1,3,21,7,17
FEDXB10,F,1,3,22,4,14
FEDXB10,F,1,3,23,16,14
FEDXB10,F,1,4,0,15,8
FEDXB10,F,1,4,1,4,3
FEDXB10,F,1,4,2,8,14
FEDXB10,F,1,4,3,4,9
FEDXB10,F,1,4,4,0,5
FEDXB10,F,1,4,5,5,0
FEDXB10,F,1,4,6,0,14
FEDXB10,F,1,4,7,0,0
FEDXB10,F,1,4,8,1,5
FEDXB10,F,1,4,9,5,6
FEDXB10,F,1,4,10,6,11
FEDXB10,F,1,4,11,4,11
FEDXB10,F,1,4,12,13,12
FEDXB10,F,1,4,13,8,18
FEDXB10,F,1,4,14,18,22
FEDXB10,F,1,4,15,16,8
FEDXB10,F,1,4,16,9,24
FEDXB10,F,1,4,17,16,13
FEDXB10,F,1,4,18,10,4
FEDXB10,F,1,4,19,0,10
FEDXB10,F,1,4,20,12,11
FEDXB10,F,1,4,21,5,5
FEDXB10,F,1,4,22,0,12
FEDXB10,F,1,4,23,13,10
FEDXB10,F,1,5,0,13,21
FEDXB10,F,1,5,1,4,5
FEDXB10,F,1,5,2,7,9
FEDXB10,F,1,5,3,10,3
FEDXB10,F,1,5,4,2,8
FEDXB10,F,1,5,5,8,2
FEDXB10,F,1,5,6,6,0
FEDXB10,F,1,5,7,0,11
FEDXB10,F,1,5,8,6,0
FEDXB10,F,1,5,9,4,10
FEDXB10,F,1,5,10,5,13
FEDXB10,F,1,5,11,7,7
FEDXB10,F,1,5,12,13,9
FEDXB10,F,1,5,13,15,15
FEDXB10,F,1,5,14,19,11
FEDXB10,F,1,5,15,15,19
FEDXB10,F,1,5,16,24,18
FEDXB10,F,1,5,17,0,20
FEDXB10,F,1,5,18,20,8
FEDXB10,F,1,5,19,16,7
FEDXB10,F,1,5,20,2,12
FEDXB10,F,1,5,21,8,0
FEDXB10,F,1,5,22,6,15
FEDXB10,F,1,5,23,11,12
FEDXB10,F,1,6,0,15,10
FEDXB10,F,1,6,1,10,7
FEDXB10,F,1,6,2,6,9
FEDXB10,F,1,6,3,15,8
FEDXB10,F,1,6,4,7,3
FEDXB10,F,1,6,5,0,5
FEDXB10,F,1,6,6,3,13
FEDXB10,F,1,6,7,5,0
FEDXB10,F,1,6,8,4,0
FEDXB10,F,1,6,9,3,10
FEDXB10,F,1,6,10,10,12
FEDXB10,F,1,6,11,4,9
FEDXB10,F,1,6,12,13,16
FEDXB10,F,1,6,13,16,8
FEDXB10,F,1,6,14,20,12
FEDXB10,F,1,6,15,18,16
FEDXB10,F,1,6,16,20,17
FEDXB10,F,1,6,17,19,16
FEDXB10,F,1,6,18,8,0
FEDXB10,F,1,6,19,0,11
FEDXB10,F,1,6,20,17,13
FEDXB10,F,1,6,21,0,13
FEDXB10,F,1,6,22,14,0
FEDXB10,F,1,6,23,15,17
FEDXB11,F,1,0,0,0,0
FEDXB11,F,1,0,1,0,0
FEDXB11,F,1,0,2,0,0
FEDXB11,F,1,0,3,0,2
FEDXB11,F,1,0,4,1,14
FEDXB11,F,1,0,5,9,0
FEDXB11,F,1,0,6,3,18
FEDXB11,F,1,0,7,0,0
FEDXB11,F,1,0,8,6,0
FEDXB11,F,1,0,9,0,11
FEDXB11,F,1,0,10,5,0
FEDXB11,F,1,0,11,6,12
FEDXB11,F,1,0,12,9,8
FEDXB11,F,1,0,13,9,16
FEDXB11,F,1,0,14,14,16
FEDXB11,F,1,0,15,13,11
FEDXB11,F,1,0,16,16,4
FEDXB11,F,1,0,17,16,19
FEDXB11,F,1,0,18,6,14
FEDXB11,F,1,0,19,12,0
FEDXB11,F,1,0,20,0,5
FEDXB11,F,1,0,21,6,9
FEDXB11,F,1,0,22,0,1
FEDXB11,F,1,0,23,12,0
FEDXB11,F,1,1,0,7,3
FEDXB11,F,1,1,1,7,8
FEDXB11,F,1,1,2,7,0
FEDXB11,F,1,1,3,11,10
FEDXB11,F,1,1,4,6,3
FEDXB11,F,1,1,5,5,4
FEDXB11,F,1,1,6,6,4
FEDXB11,F,1,1,7,0,0
FEDXB11,F,1,1,8,5,8
FEDXB11,F,1,1,9,2,0
FEDXB11,F,1,1,10,6,5
FEDXB11,F,1,1,11,8,2
FEDXB11,F,1,1,12,8,14
FEDXB11,F,1,1,13,11,13
FEDXB11,F,1,1,14,15,12
FEDXB11,F,1,1,15,12,11
FEDXB11,F,1,1,16,17,14
FEDXB11,F,1,1,17,11,15
FEDXB11,F,1,1,18,7,0
FEDXB11,F,1,1,19,5,18
FEDXB11,F,1,1,20,13,0
FEDXB11,F,1,1,21,4,0
FEDXB11,F,1,1,22,4,12
FEDXB11,F,1,1,23,10,9
FEDXB11,F,1,2,0,0,7
FEDXB11,F,1,2,1,7,0
FEDXB11,F,1,2,2,2,10
FEDXB11,F,1,2,3,9,1
FEDXB11,F,1,2,4,0,6
FEDXB11,F,1,2,5,0,0
FEDXB11,F,1,2,6,8,8
FEDXB11,F,1,2,7,0,0
FEDXB11,F,1,2,8,0,9
FEDXB11,F,1,2,9,2,2
FEDXB11,F,1,2,10,0,7
FEDXB11,F,1,2,11,9,0
FEDXB11,F,1,2,12,4,14
FEDXB11,F,1,2,13,11,11
FEDXB11,F,1,2,14,11,20
FEDXB11,F,1,2,15,12,19
FEDXB11,F,1,2,16,10,10
FEDXB11,F,1,2,17,10,14
FEDXB11,F,1,2,18,13,10
FEDXB11,F,1,2,19,4,6
FEDXB11,F,1,2,20,8,0
FEDXB11,F,1,2,21,6,4
FEDXB11,F,1,2,22,0,13
FEDXB11,F,1,2,23,3,7
FEDXB11,F,1,3,0,9,7
FEDXB11,F,1,3,1,0,0
FEDXB11,F,1,3,2,7,7
FEDXB11,F,1,3,3,4,0
FEDXB11,F,1,3,4,0,13
FEDXB11,F,1,3,5,5,1
FEDXB11,F,1,3,6,3,8
FEDXB11,F,1,3,7,0,7
FEDXB11,F,1,3,8,0,0
FEDXB11,F,1,3,9,3,3
FEDXB11,F,1,3,10,0,1
FEDXB11,F,1,3,11,3,6
FEDXB11,F,1,3,12,4,13
FEDXB11,F,1,3,13,11,15
FEDXB11,F,1,3,14,13,20
FEDXB11,F,1,3,15,14,11
FEDXB11,F,1,3,16,5,20
FEDXB11,F,1,3,17,11,2
FEDXB11,F,1,3,18,10,21
FEDXB11,F,1,3,19,14,3
FEDXB11,F,1,3,20,4,10
FEDXB11,F,1,3,21,0,0
FEDXB11,F,1,3,22,8,12
FEDXB11,F,1,3,23,9,5
FEDXB11,F,1,4,0,5,11
FEDXB11,F,1,4,1,0,0
FEDXB11,F,1,4,2,10,10
FEDXB11,F,1,4,3,3,2
FEDXB11,F,1,4,4,6,9
FEDXB11,F,1,4,5,1,0
FEDXB11,F,1,4,6,0,5
FEDXB11,F,1,4,7,0,5
FEDXB11,F,1,4,8,3,4
FEDXB11,F,1,4,9,7,0
FEDXB11,F,1,4,10,0,6
FEDXB11,F,1,4,11,5,7
FEDXB11,F,1,4,12,4,7
FEDXB11,F,1,4,13,12,15
FEDXB11,F,1,4,14,14,17
FEDXB11,F,1,4,15,13,15
FEDXB11,F,1,4,16,4,13
FEDXB11,F,1,4,17,6,21
FEDXB11,F,1,4,18,14,11
FEDXB11,F,1,4,19,12,8
FEDXB11,F,1,4,20,9,9
FEDXB11,F,1,4,21,1,7
FEDXB11,F,1,4,22,6,7
FEDXB11,F,1,4,23,5,12
FEDXB11,F,1,5,0,9,3
FEDXB11,F,1,5,1,0,9
FEDXB11,F,1,5,2,5,8
FEDXB11,F,1,5,3,8,9
FEDXB11,F,1,5,4,1,13
FEDXB11,F,1,5,5,0,0
FEDXB11,F,1,5,6,5,6
FEDXB11,F,1,5,7,0,0
FEDXB11,F,1,5,8,0,6
FEDXB11,F,1,5,9,7,4
FEDXB11,F,1,5,10,7,6
FEDXB11,F,1,5,11,11,5
FEDXB11,F,1,5,12,9,11
FEDXB11,F,1,5,13,16,10
FEDXB11,F,1,5,14,13,17
FEDXB11,F,1,5,15,13,17
FEDXB11,F,1,5,16,14,8
FEDXB11,F,1,5,17,11,14
FEDXB11,F,1,5,18,14,9
FEDXB11,F,1,5,19,9,14
FEDXB11,F,1,5,20,9,2
FEDXB11,F,1,5,21,0,0
FEDXB11,F,1,5,22,7,10
FEDXB11,F,1,5,23,9,9
FEDXB11,F,1,6,0,2,8
FEDXB11,F,1,6,1,6,4
FEDXB11,F,1,6,2,13,0
FEDXB11,F,1,6,3,12,11
FEDXB11,F,1,6,4,6,6
FEDXB11,F,1,6,5,0,1
FEDXB11,F,1,6,6,1,0
FEDXB11,F,1,6,7,3,3
FEDXB11,F,1,6,8,0,0
FEDXB11,F,1,6,9,3,6
FEDXB11,F,1,6,10,7,0
FEDXB11,F,1,6,11,2,10
FEDXB11,F,1,6,12,7,8
FEDXB11,F,1,6,13,16,14
FEDXB11,F,1,6,14,13,13
FEDXB11,F,1,6,15,17,14
FEDXB11,F,1,6,16,16,11
FEDXB11,F,1,6,17,10,11
FEDXB11,F,1,6,18,15,10
FEDXB11,F,1,6,19,9,16
FEDXB11,F,1,6,20,8,0
FEDXB11,F,1,6,21,5,9
FEDXB11,F,1,6,22,5,0
FEDXB11,F,1,6,23,7,16
FEDXB12,F,1,0,0,0,0
FEDXB12,F,1,0,1,0,0
FEDXB12,F,1,0,2,0,0
FEDXB12,F,1,0,3,0,0
FEDXB12,F,1,0,4,0,8
FEDXB12,F,1,0,5,12,4
FEDXB12,F,1,0,6,0,5
FEDXB12,F,1,0,7,0,0
FEDXB12,F,1,0,8,1,10
FEDXB12,F,1,0,9,10,0
FEDXB12,F,1,0,10,0,0
FEDXB12,F,1,0,11,7,16
FEDXB12,F,1,0,12,7,6
FEDXB12,F,1,0,13,9,14
FEDXB12,F,1,0,14,12,13
FEDXB12,F,1,0,15,19,18
FEDXB12,F,1,0,16,13,21
FEDXB12,F,1,0,17,18,21
FEDXB12,F,1,0,18,0,9
FEDXB12,F,1,0,19,14,0
FEDXB12,F,1,0,20,14,3
FEDXB12,F,1,0,21,5,23
FEDXB12,F,1,0,22,1,0
FEDXB12,F,1,0,23,11,0
FEDXB12,F,1,1,0,14,0
FEDXB12,F,1,1,1,0,9
FEDXB12,F,1,1,2,5,8
FEDXB12,F,1,1,3,9,2
FEDXB12,F,1,1,4,0,14
FEDXB12,F,1,1,5,12,0
FEDXB12,F,1,1,6,7,7
FEDXB12,F,1,1,7,0,0
FEDXB12,F,1,1,8,0,5
FEDXB12,F,1,1,9,9,2
FEDXB12,F,1,1,10,0,5
FEDXB12,F,1,1,11,10,6
FEDXB12,F,1,1,12,10,12
FEDXB12,F,1,1,13,15,5
FEDXB12,F,1,1,14,14,15
FEDXB12,F,1,1,15,19,15
FEDXB12,F,1,1,16,14,19
FEDXB12,F,1,1,17,0,20
FEDXB12,F,1,1,18,0,9
FEDXB12,F,1,1,19,8,7
FEDXB12,F,1,1,20,15,0
FEDXB12,F,1,1,21,8,0
FEDXB12,F,1,1,22,4,23
FEDXB12,F,1,1,23,21,10
FEDXB12,F,1,2,0,16,0
FEDXB12,F,1,2,1,6,0
FEDXB12,F,1,2,2,2,15
FEDXB12,F,1,2,3,6,4
FEDXB12,F,1,2,4,0,2
FEDXB12,F,1,2,5,0,7
FEDXB12,F,1,2,6,2,0
FEDXB12,F,1,2,7,0,0
FEDXB12,F,1,2,8,0,5
FEDXB12,F,1,2,9,4,0
FEDXB12,F,1,2,10,0,4
FEDXB12,F,1,2,11,4,5
FEDXB12,F,1,2,12,4,15
FEDXB12,F,1,2,13,10,6
FEDXB12,F,1,2,14,12,11
FEDXB12,F,1,2,15,16,14
FEDXB12,F,1,2,16,18,14
FEDXB12,F,1,2,17,4,25
FEDXB12,F,1,2,18,16,14
FEDXB12,F,1,2,19,15,7
FEDXB12,F,1,2,20,19,13
FEDXB12,F,1,2,21,2,9
FEDXB12,F,1,2,22,13,8
FEDXB12,F,1,2,23,8,4
FEDXB12,F,1,3,0,7,13
FEDXB12,F,1,3,1,0,0
FEDXB12,F,1,3,2,13,2
FEDXB12,F,1,3,3,0,8
FEDXB12,F,1,3,4,0,0
FEDXB12,F,1,3,5,10,4
FEDXB12,F,1,3,6,0,0
FEDXB12,F,1,3,7,0,12
FEDXB12,F,1,3,8,8,0
FEDXB12,F,1,3,9,0,6
FEDXB12,F,1,3,10,0,0
FEDXB12,F,1,3,11,0,5
FEDXB12,F,1,3,12,6,7
FEDXB12,F,1,3,13,5,15
FEDXB12,F,1,3,14,13,23
FEDXB12,F,1,3,15,10,16
FEDXB12,F,1,3,16,14,11
FEDXB12,F,1,3,17,13,0
FEDXB12,F,1,3,18,26,21
FEDXB12,F,1,3,19,12,15
FEDXB12,F,1,3,20,0,0
FEDXB12,F,1,3,21,6,8
FEDXB12,F,1,3,22,18,12
FEDXB12,F,1,3,23,15,6
FEDXB12,F,1,4,0,7,16
FEDXB12,F,1,4,1,0,7
FEDXB12,F,1,4,2,0,7
FEDXB12,F,1,4,3,7,6
FEDXB12,F,1,4,4,11,6
FEDXB12,F,1,4,5,0,3
FEDXB12,F,1,4,6,0,0
FEDXB12,F,1,4,7,9,8
FEDXB12,F,1,4,8,0,0
FEDXB12,F,1,4,9,0,5
FEDXB12,F,1,4,10,5,0
FEDXB12,F,1,4,11,3,12
FEDXB12,F,1,4,12,8,5
FEDXB12,F,1,4,13,6,17
FEDXB12,F,1,4,14,11,24
FEDXB12,F,1,4,15,22,23
FEDXB12,F,1,4,16,19,0
FEDXB12,F,1,4,17,3,18
FEDXB12,F,1,4,18,30,22
FEDXB12,F,1,4,19,16,17
FEDXB12,F,1,4,20,9,5
FEDXB12,F,1,4,21,3,0
FEDXB12,F,1,4,22,6,5
FEDXB12,F,1,4,23,9,14
FEDXB12,F,1,5,0,5,0
FEDXB12,F,1,5,1,0,2
FEDXB12,F,1,5,2,17,15
FEDXB12,F,1,5,3,11,0
FEDXB12,F,1,5,4,0,5
FEDXB12,F,1,5,5,9,8
FEDXB12,F,1,5,6,0,0
FEDXB12,F,1,5,7,0,4
FEDXB12,F,1,5,8,6,0
FEDXB12,F,1,5,9,5,8
FEDXB12,F,1,5,10,0,0
FEDXB12,F,1,5,11,8,9
FEDXB12,F,1,5,12,11,14
FEDXB12,F,1,5,13,12,6
FEDXB12,F,1,5,14,17,24
FEDXB12,F,1,5,15,30,14
FEDXB12,F,1,5,16,6,18
FEDXB12,F,1,5,17,14,12
FEDXB12,F,1,5,18,20,12
FEDXB12,F,1,5,19,14,16
FEDXB12,F,1,5,20,7,0
FEDXB12,F,1,5,21,23,0
FEDXB12,F,1,5,22,0,17
FEDXB12,F,1,5,23,9,5
FEDXB12,F,1,6,0,7,0
FEDXB12,F,1,6,1,0,7
FEDXB12,F,1,6,2,6,0
FEDXB12,F,1,6,3,0,14
FEDXB12,F,1,6,4,16,8
FEDXB12,F,1,6,5,12,0
FEDXB12,F,1,6,6,0,0
FEDXB12,F,1,6,7,6,6
FEDXB12,F,1,6,8,0,0
FEDXB12,F,1,6,9,2,0
FEDXB12,F,1,6,10,7,7
FEDXB12,F,1,6,11,8,7
FEDXB12,F,1,6,12,7,11
FEDXB12,F,1,6,13,8,8
FEDXB12,F,1,6,14,14,8
FEDXB12,F,1,6,15,25,16
FEDXB12,F,1,6,16,16,26
FEDXB12,F,1,6,17,12,13
FEDXB12,F,1,6,18,21,12
FEDXB12,F,1,6,19,12,0
FEDXB12,F,1,6,20,0,15
FEDXB12,F,1,6,21,12,3
FEDXB12,F,1,6,22,8,13
FEDXB12,F,1,6,23,2,0
